document_id,duong_dan_tuong_doi,duong_dan_tuong_doi_dich,kich_thuoc,sha256
wsc-00428f9482636841c4638269,canary/wsc-00428f9482636841c4638269.txt,local_runs/workspace_chat_rag_v2_canary/materialized_sources/wsc-00428f9482636841c4638269.txt,3293,92c0fa7fece9f6c100973773159e3777897151d5783b7bb86e1d09eb1a49dd41
wsc-00438611f8e3f3d244934723,canary/wsc-00438611f8e3f3d244934723.txt,local_runs/workspace_chat_rag_v2_canary/materialized_sources/wsc-00438611f8e3f3d244934723.txt,1530,c1b4301ec18bf1ca686bdbc368cc607f4fd6378e5ba4ef8a176f048c4b26404b
wsc-00557b84e95c9fb3504e582e,canary/wsc-00557b84e95c9fb3504e582e.txt,local_runs/workspace_chat_rag_v2_canary/materialized_sources/wsc-00557b84e95c9fb3504e582e.txt,35088,8e8ef85eb193885a36107c4985b9fe18f08446b9ed03a3b50b0b616b1432a63e
wsc-006998d9fbb692500808f741,canary/wsc-006998d9fbb692500808f741.txt,local_runs/workspace_chat_rag_v2_canary/materialized_sources/wsc-006998d9fbb692500808f741.txt,4125,4506bd9c4de6b27fbf705208961bb99303cc53d007b45844df776e4d5590c030
wsc-0196f88a377d0f46d88160fb,canary/wsc-0196f88a377d0f46d88160fb.txt,local_runs/workspace_chat_rag_v2_canary/materialized_sources/wsc-0196f88a377d0f46d88160fb.txt,105750,d3b324fc70dc109816323f7570216443584d1f19ab8bda9cc0b16e4f884f2a7f
wsc-04ae32689118099604c3dee8,canary/wsc-04ae32689118099604c3dee8.txt,local_runs/workspace_chat_rag_v2_canary/materialized_sources/wsc-04ae32689118099604c3dee8.txt,3052,a634f7428a17a2536edf877910296b0aa5f6ca0d1920704204fdeb96e49c36bc
wsc-04c3db879b730cb0c53063f6,canary/wsc-04c3db879b730cb0c53063f6.txt,local_runs/workspace_chat_rag_v2_canary/materialized_sources/wsc-04c3db879b730cb0c53063f6.txt,1310,38e5bbcfe8518ff73bac5cf57c6a1c1a0310c88bdc7805d53e2b7987594cb0a8
wsc-0537fd89ce0396da6ebbdec6,canary/wsc-0537fd89ce0396da6ebbdec6.txt,local_runs/workspace_chat_rag_v2_canary/materialized_sources/wsc-0537fd89ce0396da6ebbdec6.txt,7436,f24600130c170423b4eab5cc09dcb3d04f31e85da21c67f772b39e3a584a8a74
wsc-0603d773386b44af8c901ddf,canary/wsc-0603d773386b44af8c901ddf.txt,local_runs/workspace_chat_rag_v2_canary/materialized_sources/wsc-0603d773386b44af8c901ddf.txt,926534,2f3c310641c9ea767c3ad64e632050380d0427805d1a948ba454a4a79d69f9a3
wsc-065f01adfd8f91412529410f,canary/wsc-065f01adfd8f91412529410f.txt,local_runs/workspace_chat_rag_v2_canary/materialized_sources/wsc-065f01adfd8f91412529410f.txt,3051,80716496d8243f428a88bacd2608fe366d2656bb65b971c874fb954a5a9d7f49
wsc-06dd073629bf411f998d8358,canary/wsc-06dd073629bf411f998d8358.txt,local_runs/workspace_chat_rag_v2_canary/materialized_sources/wsc-06dd073629bf411f998d8358.txt,35141,8e2ac6462500199d700401309040835d1eceaaa3995190a19659f0ebe794229c
wsc-0949b929991f28e194414f13,canary/wsc-0949b929991f28e194414f13.txt,local_runs/workspace_chat_rag_v2_canary/materialized_sources/wsc-0949b929991f28e194414f13.txt,67609,d8def68bae417479ae6d97b7fa6e0c836ad1db3d91ecdef69d34d972f2d0c451
wsc-097ffc38b07f11cf53843ead,canary/wsc-097ffc38b07f11cf53843ead.txt,local_runs/workspace_chat_rag_v2_canary/materialized_sources/wsc-097ffc38b07f11cf53843ead.txt,2936,80e1ec83c4bcd065fb22861aed9b1e3c5e079221c42650516dcf6df3d867fac0
wsc-09824ff6e09ca255c727537b,canary/wsc-09824ff6e09ca255c727537b.txt,local_runs/workspace_chat_rag_v2_canary/materialized_sources/wsc-09824ff6e09ca255c727537b.txt,4885,d863471a4d8fc5505c0f7d9610951a9fea06a1e3cba060067b03832dc68d8838
wsc-09d5dcaf3f94ddb5f9d6f8ac,canary/wsc-09d5dcaf3f94ddb5f9d6f8ac.txt,local_runs/workspace_chat_rag_v2_canary/materialized_sources/wsc-09d5dcaf3f94ddb5f9d6f8ac.txt,1835,53370bbe372ca61245db64cf40a870c14b719d958d4a810d973426c3283d3062
wsc-0ac3ea307df810908f4446a5,canary/wsc-0ac3ea307df810908f4446a5.txt,local_runs/workspace_chat_rag_v2_canary/materialized_sources/wsc-0ac3ea307df810908f4446a5.txt,36733,8348447fea0ecadbe4c2ff5a0cd350544d830664e31eaee06998ea05b1f8fed3
wsc-0b2c3cfc2f8115b362e9224e,canary/wsc-0b2c3cfc2f8115b362e9224e.txt,local_runs/workspace_chat_rag_v2_canary/materialized_sources/wsc-0b2c3cfc2f8115b362e9224e.txt,1122,6565e2b0c61998651333a2bbf786ed5c6d9ef6f28ee25ef2c4aeacb7779d4bce
wsc-0c15280f4188b2c31c1c0b58,canary/wsc-0c15280f4188b2c31c1c0b58.txt,local_runs/workspace_chat_rag_v2_canary/materialized_sources/wsc-0c15280f4188b2c31c1c0b58.txt,4149,205eadd20b8b483be11e15412ce180e1da0ea272cc14a225927ff865cb2b3a63
wsc-0c56778d7c1842c109f826cc,canary/wsc-0c56778d7c1842c109f826cc.txt,local_runs/workspace_chat_rag_v2_canary/materialized_sources/wsc-0c56778d7c1842c109f826cc.txt,2872825,65f921d7db59e6708fba29d9aaf05715af7dd74e7854a3f2a603e03fa7e47866
wsc-0cddcf9be6a24416a3265bc0,canary/wsc-0cddcf9be6a24416a3265bc0.txt,local_runs/workspace_chat_rag_v2_canary/materialized_sources/wsc-0cddcf9be6a24416a3265bc0.txt,1866,6c19bfe7de6642b6c88194ec16d3cbadc43cd693d154d6e7230cdf509546ac4b
wsc-0debd6cc0931f29fbfcc3ff1,canary/wsc-0debd6cc0931f29fbfcc3ff1.txt,local_runs/workspace_chat_rag_v2_canary/materialized_sources/wsc-0debd6cc0931f29fbfcc3ff1.txt,2019,3b5ee4d1465decc3fc631b0b73c964477c80180773d5785247c499110f814381
wsc-0dfeef5924e6ac4bce171ccf,canary/wsc-0dfeef5924e6ac4bce171ccf.txt,local_runs/workspace_chat_rag_v2_canary/materialized_sources/wsc-0dfeef5924e6ac4bce171ccf.txt,2171,ae1dc97c485ef99e879d663ecd226182b5b1804d09212e7e6b1f949d9ae84644
wsc-0e101cefe1d7c8af523c9e3e,canary/wsc-0e101cefe1d7c8af523c9e3e.txt,local_runs/workspace_chat_rag_v2_canary/materialized_sources/wsc-0e101cefe1d7c8af523c9e3e.txt,1242,414c20e9bb4a24f9ab9acfb91fc8758a83655dd27cd4b7419b43d7bbc327101d
wsc-0f1d8764dd417ca17696556e,canary/wsc-0f1d8764dd417ca17696556e.txt,local_runs/workspace_chat_rag_v2_canary/materialized_sources/wsc-0f1d8764dd417ca17696556e.txt,29115,392ef9c2caf7b9ff62dd7123e18a0ecb853f87303330e6f45e87f4320f22c598
wsc-10885646e1efad265d1b7245,canary/wsc-10885646e1efad265d1b7245.txt,local_runs/workspace_chat_rag_v2_canary/materialized_sources/wsc-10885646e1efad265d1b7245.txt,1152,5e8b29d34fa5e5509c46a5ae75f60fe1c730dae48e10eaf68bf78f8a8a0f789a
wsc-130f6507201b63a1958a8601,canary/wsc-130f6507201b63a1958a8601.txt,local_runs/workspace_chat_rag_v2_canary/materialized_sources/wsc-130f6507201b63a1958a8601.txt,1791,5b53a1365a17c431baefe0f8dbef2b60bb11d850ab7b0c3ee4bb4db9aae32f3b
wsc-13dc5d0d8ae16e8c31bdf1f1,canary/wsc-13dc5d0d8ae16e8c31bdf1f1.txt,local_runs/workspace_chat_rag_v2_canary/materialized_sources/wsc-13dc5d0d8ae16e8c31bdf1f1.txt,1085,7f57f0ba25eb213a10afbd86fd41d9f2779222dfad445f40b3fbbf80bcdf667e
wsc-13e7af8eda332bcf0a69d92e,canary/wsc-13e7af8eda332bcf0a69d92e.txt,local_runs/workspace_chat_rag_v2_canary/materialized_sources/wsc-13e7af8eda332bcf0a69d92e.txt,29297,0e55ab4f30846496bf317ca09ffa18cfe88c9117bfd025bba858f06ce96fe847
wsc-1696cf072a16a43c802ff100,canary/wsc-1696cf072a16a43c802ff100.txt,local_runs/workspace_chat_rag_v2_canary/materialized_sources/wsc-1696cf072a16a43c802ff100.txt,81,f586ffd33ed3e4e0fd44361adf4c53bd4988ccf32ee062ba537e82522af080bd
wsc-16b07714040fa97f80b82d59,canary/wsc-16b07714040fa97f80b82d59.txt,local_runs/workspace_chat_rag_v2_canary/materialized_sources/wsc-16b07714040fa97f80b82d59.txt,1738,62f57dfed155817143abb1b5c93b331dca5ccafcb206918be8c52dfc47bdf31a
wsc-18003f087932b2e7e326c931,canary/wsc-18003f087932b2e7e326c931.txt,local_runs/workspace_chat_rag_v2_canary/materialized_sources/wsc-18003f087932b2e7e326c931.txt,250396,05be4d32d4668bbc110907cdd6cc29f1160d5e6feecf9b18d4c206425e892716
wsc-19210ff0c52dbcba6f156813,canary/wsc-19210ff0c52dbcba6f156813.txt,local_runs/workspace_chat_rag_v2_canary/materialized_sources/wsc-19210ff0c52dbcba6f156813.txt,1363,701d4085a6085e8d5118a46b090331c0a73cd163413b32a3c54820c5e7d389da
wsc-1b5939b5c43b5a48f6af8ff5,canary/wsc-1b5939b5c43b5a48f6af8ff5.txt,local_runs/workspace_chat_rag_v2_canary/materialized_sources/wsc-1b5939b5c43b5a48f6af8ff5.txt,1709,1fe734c42b8d8fd4a3e6e549a5010de8e8872da94957fa32f982bb07e7ccb521
wsc-1bf77cfe359bae2fbc68c729,canary/wsc-1bf77cfe359bae2fbc68c729.txt,local_runs/workspace_chat_rag_v2_canary/materialized_sources/wsc-1bf77cfe359bae2fbc68c729.txt,2033,51e4c230df2eb89fccc980d66cc85c895341db3c74c83e8fe1db550d60f8a5ad
wsc-1c32eff929cdd48b35b92a21,canary/wsc-1c32eff929cdd48b35b92a21.txt,local_runs/workspace_chat_rag_v2_canary/materialized_sources/wsc-1c32eff929cdd48b35b92a21.txt,2780,1add96fe739d320b51ad0940ddd6fc14edc58c8eef93a75f9d5872afe26a2e5e
wsc-1c8461634ff2e1af4c617ee0,canary/wsc-1c8461634ff2e1af4c617ee0.txt,local_runs/workspace_chat_rag_v2_canary/materialized_sources/wsc-1c8461634ff2e1af4c617ee0.txt,1206,7556213c3e8cef7580b76b7accd59b376bbd06ff4b4449ef39a82021f4032990
wsc-1e00d058fb53d977664395cf,canary/wsc-1e00d058fb53d977664395cf.txt,local_runs/workspace_chat_rag_v2_canary/materialized_sources/wsc-1e00d058fb53d977664395cf.txt,46307,91fb7fa0bb22ef0546d71b8be0f95c16dff4973fb2993f241ec3179b5505d7c7
wsc-1e3242146bc66fa20389b143,canary/wsc-1e3242146bc66fa20389b143.txt,local_runs/workspace_chat_rag_v2_canary/materialized_sources/wsc-1e3242146bc66fa20389b143.txt,2794,019a6bc5b604fe4e771419ed2f9bbcfa14dcf0897725d85d5c8a3688ff4511a1
wsc-1f82d84d72992f70bf7897f4,canary/wsc-1f82d84d72992f70bf7897f4.txt,local_runs/workspace_chat_rag_v2_canary/materialized_sources/wsc-1f82d84d72992f70bf7897f4.txt,1235,47c2b34826516a480079eb4a69f9e00025779f6188076535cc80ed60721c3c2f
wsc-1fcb1ee9191657a7a56c478d,canary/wsc-1fcb1ee9191657a7a56c478d.txt,local_runs/workspace_chat_rag_v2_canary/materialized_sources/wsc-1fcb1ee9191657a7a56c478d.txt,1838,78dbd0b9a40695195089db08578166d6393c1ff9847752181f16a7f676dbba7f
wsc-230baee36cd917aefc37d5e9,canary/wsc-230baee36cd917aefc37d5e9.txt,local_runs/workspace_chat_rag_v2_canary/materialized_sources/wsc-230baee36cd917aefc37d5e9.txt,7235,d38203b53c768f0fa1f48f17337c9a3fc93e7d2b44c96da788b3b661ebda7af4
wsc-2335294212d0f129b375d3db,canary/wsc-2335294212d0f129b375d3db.txt,local_runs/workspace_chat_rag_v2_canary/materialized_sources/wsc-2335294212d0f129b375d3db.txt,3502,645932724896ccde1ab71330ce4e3be4ec404dcd73d22f3c246cead3dd1b1c15
wsc-2340acdb03f71fc0a04fd77f,canary/wsc-2340acdb03f71fc0a04fd77f.txt,local_runs/workspace_chat_rag_v2_canary/materialized_sources/wsc-2340acdb03f71fc0a04fd77f.txt,138662,86d2eb7c6230c330fec70ebc82cbc94932ef0eeb6003db9b719c5eb81db34e55
wsc-239fe1602c23dc5e981d2453,canary/wsc-239fe1602c23dc5e981d2453.txt,local_runs/workspace_chat_rag_v2_canary/materialized_sources/wsc-239fe1602c23dc5e981d2453.txt,3318,1f949d72f5c922f41254f70d2542700b1f212159757017c450bf42e7f7d4d74d
wsc-24b71cbf146e848d9ae79ae1,canary/wsc-24b71cbf146e848d9ae79ae1.txt,local_runs/workspace_chat_rag_v2_canary/materialized_sources/wsc-24b71cbf146e848d9ae79ae1.txt,7246,6a0dafcc50293f59ee96cd8d2b8e5846b7c2861f7abe0aab75a62e8202edf40c
wsc-263b82782ff9d692d840559b,canary/wsc-263b82782ff9d692d840559b.txt,local_runs/workspace_chat_rag_v2_canary/materialized_sources/wsc-263b82782ff9d692d840559b.txt,2482,f5155a699256101a1eccc6a94775f283932edd2869eef3506ce95cb229dd5705
wsc-263e3d627626ceeabf093628,canary/wsc-263e3d627626ceeabf093628.txt,local_runs/workspace_chat_rag_v2_canary/materialized_sources/wsc-263e3d627626ceeabf093628.txt,1923,b7b510af9138df9436f956d879fee0fb8403faec9b95be63261257908811d04e
wsc-26c5000f2fe11a6c8c8dd3db,canary/wsc-26c5000f2fe11a6c8c8dd3db.txt,local_runs/workspace_chat_rag_v2_canary/materialized_sources/wsc-26c5000f2fe11a6c8c8dd3db.txt,2286,944dc339aa92e2ca332dd23150c47fbd51e04f5f1ae315471a9fe69211c9b62a
wsc-27cf749e5aa7038c98c57853,canary/wsc-27cf749e5aa7038c98c57853.txt,local_runs/workspace_chat_rag_v2_canary/materialized_sources/wsc-27cf749e5aa7038c98c57853.txt,2960,b1266ffc92090772f3821720b83dbdebfb2c40aff4ee621a836eb94cd15079ea
wsc-27e813cafafe24b83a35cd4f,canary/wsc-27e813cafafe24b83a35cd4f.txt,local_runs/workspace_chat_rag_v2_canary/materialized_sources/wsc-27e813cafafe24b83a35cd4f.txt,1422,f934ad70ae96839a94b0f07fa29f38f2b04cbea89c98a444aeeef0b662a1c16e
wsc-27f6e2dfcc821e188e1d88d0,canary/wsc-27f6e2dfcc821e188e1d88d0.txt,local_runs/workspace_chat_rag_v2_canary/materialized_sources/wsc-27f6e2dfcc821e188e1d88d0.txt,2653,3d95a8d6d595c0505bd9de21ea28293b94832b84929933c26a421b30fff71110
wsc-288bd4faf48b948b1f387e31,canary/wsc-288bd4faf48b948b1f387e31.txt,local_runs/workspace_chat_rag_v2_canary/materialized_sources/wsc-288bd4faf48b948b1f387e31.txt,2792,c9ff70c5a50ace1049b037b713fc6c3cdbc09863d5fc15e945d96a3054b2d75e
wsc-297dea46dc11bddb9241f659,canary/wsc-297dea46dc11bddb9241f659.txt,local_runs/workspace_chat_rag_v2_canary/materialized_sources/wsc-297dea46dc11bddb9241f659.txt,2958,1aa705215a04a07d3b24131db57ce161b6d664378cdbe91f27b94687ac034aea
wsc-29abb276a2ec3d199058e392,canary/wsc-29abb276a2ec3d199058e392.txt,local_runs/workspace_chat_rag_v2_canary/materialized_sources/wsc-29abb276a2ec3d199058e392.txt,1815,4979eb67068f926d25ca5f32d1dc5946e999ad294e30bfe11fd04b4b48bd9968
wsc-2a6baf287b751fcc5b7fa904,canary/wsc-2a6baf287b751fcc5b7fa904.txt,local_runs/workspace_chat_rag_v2_canary/materialized_sources/wsc-2a6baf287b751fcc5b7fa904.txt,1415,34fe4f3ab581bafe26681f231da974191e1626ce5ff0edd025d6e40573c2aa3a
wsc-2bd895f0a4f4e3eed4967dd5,canary/wsc-2bd895f0a4f4e3eed4967dd5.txt,local_runs/workspace_chat_rag_v2_canary/materialized_sources/wsc-2bd895f0a4f4e3eed4967dd5.txt,2861,a3e97b2c840e0c6e5859d660ae37fcf7bcfea6445ebd47d79ee9f3f7aa3488c5
wsc-2c54e5a4b9fc88562a95bc3c,canary/wsc-2c54e5a4b9fc88562a95bc3c.txt,local_runs/workspace_chat_rag_v2_canary/materialized_sources/wsc-2c54e5a4b9fc88562a95bc3c.txt,1509,7b5874a84537f0901ab0d86ac1b48f9343feb44fab5108bb303f3e1c014734c6
wsc-2c5b5ab6d3275d37196b4910,canary/wsc-2c5b5ab6d3275d37196b4910.txt,local_runs/workspace_chat_rag_v2_canary/materialized_sources/wsc-2c5b5ab6d3275d37196b4910.txt,1301,24da204da347aedca03194a4d746cd7ddd8c97ab1e6ff7f53c387e1c20a85174
wsc-2d84a2cd75c94e30e8cbecd1,canary/wsc-2d84a2cd75c94e30e8cbecd1.txt,local_runs/workspace_chat_rag_v2_canary/materialized_sources/wsc-2d84a2cd75c94e30e8cbecd1.txt,2787,37550bdaf9439b39c907b65a83d499b1193808ea7729ddf026dff746de2a5c0a
wsc-2f3e5b720c50316fd816a04d,canary/wsc-2f3e5b720c50316fd816a04d.txt,local_runs/workspace_chat_rag_v2_canary/materialized_sources/wsc-2f3e5b720c50316fd816a04d.txt,3532,ee5ac5b270a7e37c87bfdf682b896e4825f61573bf5c48a7e17a2b1c2248575b
wsc-2f4f337f46c13cb099d8a2eb,canary/wsc-2f4f337f46c13cb099d8a2eb.txt,local_runs/workspace_chat_rag_v2_canary/materialized_sources/wsc-2f4f337f46c13cb099d8a2eb.txt,4321,c0e891c1c470b473e0fe2ae8e77210d45a8706be8f8dfbfff5b1d915ed5c15c7
wsc-32b1df20c4f70b8206bb89b8,canary/wsc-32b1df20c4f70b8206bb89b8.txt,local_runs/workspace_chat_rag_v2_canary/materialized_sources/wsc-32b1df20c4f70b8206bb89b8.txt,4846,3cf9837ace8f73c382df7e367c24be342ca6c29c24a2a03364005c8224357026
wsc-32d335de53deecb7234400bb,canary/wsc-32d335de53deecb7234400bb.txt,local_runs/workspace_chat_rag_v2_canary/materialized_sources/wsc-32d335de53deecb7234400bb.txt,2243,04370483dd554281bc773fb1a75783e60c7399f5d0467b30991564633ae06689
wsc-333ca7a39d0c430f85b28423,canary/wsc-333ca7a39d0c430f85b28423.txt,local_runs/workspace_chat_rag_v2_canary/materialized_sources/wsc-333ca7a39d0c430f85b28423.txt,10312,bbd37457bb5e58d5712ff92f2d02214fb032684a0ca403136161aa88690c67c5
wsc-3417cc72cb93591e9b55602f,canary/wsc-3417cc72cb93591e9b55602f.txt,local_runs/workspace_chat_rag_v2_canary/materialized_sources/wsc-3417cc72cb93591e9b55602f.txt,1461,0bfca9daea0c1f680fc59f69f32a26ae066504d283810c94117ddfd5aa6502a2
wsc-344830b293043794fd124c51,canary/wsc-344830b293043794fd124c51.txt,local_runs/workspace_chat_rag_v2_canary/materialized_sources/wsc-344830b293043794fd124c51.txt,3984,7048f94c1568b67bfc5d17bb228a06d2d8a3b177aea0ec1a25e3f53fc75368fa
wsc-360072f49f74e5a639fe0cc0,canary/wsc-360072f49f74e5a639fe0cc0.txt,local_runs/workspace_chat_rag_v2_canary/materialized_sources/wsc-360072f49f74e5a639fe0cc0.txt,2794,7d1529c49f6c1533efa2ada030632b043c44240e0c4d7fae7b1e61cc43a8ed38
wsc-37cde0df4a074bd346648c4e,canary/wsc-37cde0df4a074bd346648c4e.txt,local_runs/workspace_chat_rag_v2_canary/materialized_sources/wsc-37cde0df4a074bd346648c4e.txt,1235,38df30c12915a3887248e6da57dd1f4966edf9d105f2451723cdabb10b87c493
wsc-38443b0ef20671b7b40c8d4d,canary/wsc-38443b0ef20671b7b40c8d4d.txt,local_runs/workspace_chat_rag_v2_canary/materialized_sources/wsc-38443b0ef20671b7b40c8d4d.txt,2740,39dc39b987038935451de4069b9b96965fb2d2db9ed7d87e7564c5839c8bcc37
wsc-3862a76468aee5575cd502c5,canary/wsc-3862a76468aee5575cd502c5.txt,local_runs/workspace_chat_rag_v2_canary/materialized_sources/wsc-3862a76468aee5575cd502c5.txt,10443,b22f209639a038cc88b822b0cedc52f99e9cf239d1557a422fa241137cfa8c17
wsc-38f34c3e62c49e8f08f88eb0,canary/wsc-38f34c3e62c49e8f08f88eb0.txt,local_runs/workspace_chat_rag_v2_canary/materialized_sources/wsc-38f34c3e62c49e8f08f88eb0.txt,2759,eca4f6db3fdbc8f48019631bdb873cbfa5d4fc412e6663f77d4ae76e266ca389
wsc-39e9bc221c8739784711443d,canary/wsc-39e9bc221c8739784711443d.txt,local_runs/workspace_chat_rag_v2_canary/materialized_sources/wsc-39e9bc221c8739784711443d.txt,2032,e06c6db628c990d1d2c64b04ffa5e5abb54ee74f2d502d9fb84b7cbcef518b70
wsc-3a6cd2f22301364893742ddb,canary/wsc-3a6cd2f22301364893742ddb.txt,local_runs/workspace_chat_rag_v2_canary/materialized_sources/wsc-3a6cd2f22301364893742ddb.txt,1813,9deae1cab4bcd0fb819d49a517f6dfd599d9b9344bf0aaed640386a446b3df30
wsc-3aa8ca33e183741d43b4ec60,canary/wsc-3aa8ca33e183741d43b4ec60.txt,local_runs/workspace_chat_rag_v2_canary/materialized_sources/wsc-3aa8ca33e183741d43b4ec60.txt,6666,9a94fa8d53ecdfedae75c57741817525651bf1edece6c710a3655586cb4c0a52
wsc-3bca9339ea369420675341e0,canary/wsc-3bca9339ea369420675341e0.txt,local_runs/workspace_chat_rag_v2_canary/materialized_sources/wsc-3bca9339ea369420675341e0.txt,1669,e8d5f6beb479a9ccc95f92f3d61bdb737ae781aaa9f74ba9d033b06935b17e10
wsc-3be416fb975b60f419ade492,canary/wsc-3be416fb975b60f419ade492.txt,local_runs/workspace_chat_rag_v2_canary/materialized_sources/wsc-3be416fb975b60f419ade492.txt,1534,58b12e390dc1508ce4ba42a975bff6390c75aa8df8db21eb5c36c20dfe97304e
wsc-3c7e472ad026f0847800684d,canary/wsc-3c7e472ad026f0847800684d.txt,local_runs/workspace_chat_rag_v2_canary/materialized_sources/wsc-3c7e472ad026f0847800684d.txt,1845,6ab4a14d841444a973d49e8f1583dbe7eff175ebb08f0d8f5faf4292c25b3342
wsc-3caf4b6aacbde11a595a308e,canary/wsc-3caf4b6aacbde11a595a308e.txt,local_runs/workspace_chat_rag_v2_canary/materialized_sources/wsc-3caf4b6aacbde11a595a308e.txt,2071,961e3dc07b03468205154b7daed4629ad3a83b9fa0dfb3decdc125c705231413
wsc-3d9aa320fd815c22934dd257,canary/wsc-3d9aa320fd815c22934dd257.txt,local_runs/workspace_chat_rag_v2_canary/materialized_sources/wsc-3d9aa320fd815c22934dd257.txt,1170,f1e230f9f54966660e65edfcdd11ed3583d73fcc3cf9901b9a780f3247367758
wsc-419a613474ecac902ecfeac6,canary/wsc-419a613474ecac902ecfeac6.txt,local_runs/workspace_chat_rag_v2_canary/materialized_sources/wsc-419a613474ecac902ecfeac6.txt,11448,c8a344aabbc7eed9fcb45c6d713ab1fe0a8bc83ed5219cdbdbbbbdd9c00e0eef
wsc-4303a258b0737bc6ac044fb3,canary/wsc-4303a258b0737bc6ac044fb3.txt,local_runs/workspace_chat_rag_v2_canary/materialized_sources/wsc-4303a258b0737bc6ac044fb3.txt,17174,2e85ad6ccf420982d7a438fa2c25a760bc3bf8baa65dbcd5acbe57ff10cd5d77
wsc-4328f237e9ac71f762c4d3d0,canary/wsc-4328f237e9ac71f762c4d3d0.txt,local_runs/workspace_chat_rag_v2_canary/materialized_sources/wsc-4328f237e9ac71f762c4d3d0.txt,1329,fe456cc03433da5703c68c471967980f466d7e23c0a91db3951dba11d3dce029
wsc-432a22c2094aae27455e1ee7,canary/wsc-432a22c2094aae27455e1ee7.txt,local_runs/workspace_chat_rag_v2_canary/materialized_sources/wsc-432a22c2094aae27455e1ee7.txt,520796,dec46a13249c6cb95c5337cafd07b69c7a79c51de8023d259b0f625beb035cd7
wsc-43617ac15a7145d46660243d,canary/wsc-43617ac15a7145d46660243d.txt,local_runs/workspace_chat_rag_v2_canary/materialized_sources/wsc-43617ac15a7145d46660243d.txt,1345,54d9d566e18b70215b730cefb508f2d15cdf0e8a666a5fe739aa1ab13dc9773f
wsc-43628c11d54ddeeb6ff17d77,canary/wsc-43628c11d54ddeeb6ff17d77.txt,local_runs/workspace_chat_rag_v2_canary/materialized_sources/wsc-43628c11d54ddeeb6ff17d77.txt,1288,7153a349d070fa8a1b057bb6acd1e595d18d10131fe8309882c61fee2a7fbaa9
wsc-45178b002055ced8c13ecd1d,canary/wsc-45178b002055ced8c13ecd1d.txt,local_runs/workspace_chat_rag_v2_canary/materialized_sources/wsc-45178b002055ced8c13ecd1d.txt,2943,be842af14a57bb14b90db178463a6978b8ca2f590ae0feac197af17af6af8216
wsc-45e85a205ae541862dacb7b6,canary/wsc-45e85a205ae541862dacb7b6.txt,local_runs/workspace_chat_rag_v2_canary/materialized_sources/wsc-45e85a205ae541862dacb7b6.txt,1263,646740ee4be8cae5bdb003debbb3d8811ba9266bd61d7a16bd6051bd4ea03f80
wsc-468aede06b922b9f1a06bbbb,canary/wsc-468aede06b922b9f1a06bbbb.txt,local_runs/workspace_chat_rag_v2_canary/materialized_sources/wsc-468aede06b922b9f1a06bbbb.txt,1383,00d2e721b2445a2042b832c3826e1df418a1d96a4757354411f13d59505be175
wsc-468d8552f20bef64ca827c16,canary/wsc-468d8552f20bef64ca827c16.txt,local_runs/workspace_chat_rag_v2_canary/materialized_sources/wsc-468d8552f20bef64ca827c16.txt,23088,717ae8d898ce5b5261ae9a86d03e981b042c0940b94ecf0f428aab4982ced4df
wsc-4735306c379b381ed7eceb15,canary/wsc-4735306c379b381ed7eceb15.txt,local_runs/workspace_chat_rag_v2_canary/materialized_sources/wsc-4735306c379b381ed7eceb15.txt,124171,45a96a99a9495d3c91924d3e08f14c6dab3f2649e8f6bb56f00ad074dd3bdd66
wsc-480e4c1a6c92337ab598f53c,canary/wsc-480e4c1a6c92337ab598f53c.txt,local_runs/workspace_chat_rag_v2_canary/materialized_sources/wsc-480e4c1a6c92337ab598f53c.txt,1163,47f6859796bab0609846b7a9c53c510b0e11538fe5cff7d85cee61498186db7e
wsc-483303cb09e9e8c6902f623b,canary/wsc-483303cb09e9e8c6902f623b.txt,local_runs/workspace_chat_rag_v2_canary/materialized_sources/wsc-483303cb09e9e8c6902f623b.txt,2892,780d520152a2889b285268ff1d1d68097c507922ae70047777c50bc86bd1154d
wsc-48e83ee0d86c0910b11a01db,canary/wsc-48e83ee0d86c0910b11a01db.txt,local_runs/workspace_chat_rag_v2_canary/materialized_sources/wsc-48e83ee0d86c0910b11a01db.txt,2621,e01dea6a13b7b69205daed717a6562b3b11e940353c7f6c9bf084f8da6f42c8d
wsc-4938538dbb7dd4f340ddac85,canary/wsc-4938538dbb7dd4f340ddac85.txt,local_runs/workspace_chat_rag_v2_canary/materialized_sources/wsc-4938538dbb7dd4f340ddac85.txt,2712,c68229d6929ae57a33f96cf9750149281c8121efcc921a3a93e8c5f6a7b219ec
wsc-4957729b8f65624b43bae2b2,canary/wsc-4957729b8f65624b43bae2b2.txt,local_runs/workspace_chat_rag_v2_canary/materialized_sources/wsc-4957729b8f65624b43bae2b2.txt,1373,ab094f1608fa7d92fef8574f4bad6e90b8a9d542e70202fd3c883a11c2001ca1
wsc-49753efc0247446f4754564c,canary/wsc-49753efc0247446f4754564c.txt,local_runs/workspace_chat_rag_v2_canary/materialized_sources/wsc-49753efc0247446f4754564c.txt,1303,6cb42a4f0be0ea0e3748689cf5d2eac2416e77b5faa3ba484b3ccdaf605be6f0
wsc-497b85eb59ff95be7162016f,canary/wsc-497b85eb59ff95be7162016f.txt,local_runs/workspace_chat_rag_v2_canary/materialized_sources/wsc-497b85eb59ff95be7162016f.txt,4939,36c67d18a6979bedfab50207c6e40701b0a38f47c4a30a702a305e9bca409894
wsc-499ff5f1075e6fdada286813,canary/wsc-499ff5f1075e6fdada286813.txt,local_runs/workspace_chat_rag_v2_canary/materialized_sources/wsc-499ff5f1075e6fdada286813.txt,5017,5ba0bdd0e6496c96b2faed024b70f4f4bcadcf1cbbd04b271f1139380f774d1a
wsc-4a661df9d0318f5164a9d649,canary/wsc-4a661df9d0318f5164a9d649.txt,local_runs/workspace_chat_rag_v2_canary/materialized_sources/wsc-4a661df9d0318f5164a9d649.txt,1354,77e40ea1d0e90fbcefc52f503ad459df9b037653eff19fb2575d6bdcd5fcc59b
wsc-4a884ed893315f6536f3e437,canary/wsc-4a884ed893315f6536f3e437.txt,local_runs/workspace_chat_rag_v2_canary/materialized_sources/wsc-4a884ed893315f6536f3e437.txt,2737,14bb9ce2a7452f053eb67ff171ee1e585b16fb8b76dc2a1934d59dfe5e31665e
wsc-4ab9350286ad8e78809e7dc3,canary/wsc-4ab9350286ad8e78809e7dc3.txt,local_runs/workspace_chat_rag_v2_canary/materialized_sources/wsc-4ab9350286ad8e78809e7dc3.txt,4925,b72ac318b19d651461bb81e95ff9fb9736127e3ec774192969925965ca320d80
wsc-4abade7d2456adf01bb1fd26,canary/wsc-4abade7d2456adf01bb1fd26.txt,local_runs/workspace_chat_rag_v2_canary/materialized_sources/wsc-4abade7d2456adf01bb1fd26.txt,4472,22af7726d860eacfe02670a087c513e6a12df36c80766b90c5552fa9422a8946
wsc-4bb9a926160fc7b2687cb7ac,canary/wsc-4bb9a926160fc7b2687cb7ac.txt,local_runs/workspace_chat_rag_v2_canary/materialized_sources/wsc-4bb9a926160fc7b2687cb7ac.txt,126950,754ad562b97b064a25567af014c61299231ff7bf3b875f5c78b5d5bea944dcac
wsc-4c2f33de97e314843c99e69b,canary/wsc-4c2f33de97e314843c99e69b.txt,local_runs/workspace_chat_rag_v2_canary/materialized_sources/wsc-4c2f33de97e314843c99e69b.txt,4758,7d16637d1a70834692aec9f632f3568ff67f71d85f4c39fb5b13b538e7802e57
wsc-4cd2dbfe87844143e97d8576,canary/wsc-4cd2dbfe87844143e97d8576.txt,local_runs/workspace_chat_rag_v2_canary/materialized_sources/wsc-4cd2dbfe87844143e97d8576.txt,2657,838133511e1563c4c084dee599b1420326ced5b7c541fc43d0390ab60b2fdbf4
wsc-4db8ddc1e8392dcf3f73a468,canary/wsc-4db8ddc1e8392dcf3f73a468.txt,local_runs/workspace_chat_rag_v2_canary/materialized_sources/wsc-4db8ddc1e8392dcf3f73a468.txt,2455,932af42c9309cd0a041427fd4fa893263a620fa118045290f7bb943bb9797a32
wsc-4f26d0e7608e6c64c120ee67,canary/wsc-4f26d0e7608e6c64c120ee67.txt,local_runs/workspace_chat_rag_v2_canary/materialized_sources/wsc-4f26d0e7608e6c64c120ee67.txt,112604,b86abd983799fbf23caac623eb8c1d0671b7d1a061640f91f6092e27d5dd0c1e
wsc-4f2b74e844ce3bdd51ab1f63,canary/wsc-4f2b74e844ce3bdd51ab1f63.txt,local_runs/workspace_chat_rag_v2_canary/materialized_sources/wsc-4f2b74e844ce3bdd51ab1f63.txt,1068,765d0d5bc88d82b019d5304f2033154f07f4016c039e04fab279f6a5d2f0f258
wsc-4fa5190e1a384777e8706a38,canary/wsc-4fa5190e1a384777e8706a38.txt,local_runs/workspace_chat_rag_v2_canary/materialized_sources/wsc-4fa5190e1a384777e8706a38.txt,34937,eaff3b6c61aa8608b01d17b5fc97059b88c1db67c02e691f417960f82b1cc2ac
wsc-4fc7eb76bdc2e05c08b3f0f6,canary/wsc-4fc7eb76bdc2e05c08b3f0f6.txt,local_runs/workspace_chat_rag_v2_canary/materialized_sources/wsc-4fc7eb76bdc2e05c08b3f0f6.txt,21706319,e407c32cdbe0711823a308b7b0c7aeead2655c7e6bed789ecbd8d5b6ce65002b
wsc-50202c79fa402992e38737b3,canary/wsc-50202c79fa402992e38737b3.txt,local_runs/workspace_chat_rag_v2_canary/materialized_sources/wsc-50202c79fa402992e38737b3.txt,2807,f2c77b39771e511ceea7111aedee6d51f8666f02945623eadf6aaefb890a878b
wsc-509d925a147d8feae7bb72e6,canary/wsc-509d925a147d8feae7bb72e6.txt,local_runs/workspace_chat_rag_v2_canary/materialized_sources/wsc-509d925a147d8feae7bb72e6.txt,1332,fa2457c24f3cc4282f2f8fa90c0f357652222434c48f3228210a922f9fcbb6e7
wsc-5214515c9419a919f5fd9b01,canary/wsc-5214515c9419a919f5fd9b01.txt,local_runs/workspace_chat_rag_v2_canary/materialized_sources/wsc-5214515c9419a919f5fd9b01.txt,3069,2c7c461cc0cd08c50eac8259a31670aa6e070d00070a17b245637938f349c582
wsc-527ade7fb230338f3df478d9,canary/wsc-527ade7fb230338f3df478d9.txt,local_runs/workspace_chat_rag_v2_canary/materialized_sources/wsc-527ade7fb230338f3df478d9.txt,8850,1670ff58d2117e9cf29efed23b6fb1c1d5b3a9fac3c7d7ba06af4a9c4a8a92f6
wsc-527f8bd013650df67796b8bc,canary/wsc-527f8bd013650df67796b8bc.txt,local_runs/workspace_chat_rag_v2_canary/materialized_sources/wsc-527f8bd013650df67796b8bc.txt,4891,af1b8a30b51fd2ad96c2ce20b301e925deea63dbe397da1329e53a0ff06c7ff7
wsc-5284e5eb6541997ae1861dd4,canary/wsc-5284e5eb6541997ae1861dd4.txt,local_runs/workspace_chat_rag_v2_canary/materialized_sources/wsc-5284e5eb6541997ae1861dd4.txt,2981,3e2d21675e4b3043e6f08def1690e7b5c692c7b1473f3235521a5b4e1aa26d5a
wsc-52bcbeb1d86b336f017ba6fa,canary/wsc-52bcbeb1d86b336f017ba6fa.txt,local_runs/workspace_chat_rag_v2_canary/materialized_sources/wsc-52bcbeb1d86b336f017ba6fa.txt,1246,70dfa8e41b02189dc102c8a9964218b1294975f8d184fcf1ac146fb72089fb26
wsc-52c0bf23393702089f5df5ac,canary/wsc-52c0bf23393702089f5df5ac.txt,local_runs/workspace_chat_rag_v2_canary/materialized_sources/wsc-52c0bf23393702089f5df5ac.txt,12872,0f5fbded44177791598ef262b46c3210949042ab95087e639686ea3e5665e7a1
wsc-52d6c2ec0a4bc8e13d2d7e7b,canary/wsc-52d6c2ec0a4bc8e13d2d7e7b.txt,local_runs/workspace_chat_rag_v2_canary/materialized_sources/wsc-52d6c2ec0a4bc8e13d2d7e7b.txt,1347,db673a680a32613e84780a36dba60597b84aeea234a3d261c0ecead3d3207e90
wsc-52e09d24d9e5de4f67176375,canary/wsc-52e09d24d9e5de4f67176375.txt,local_runs/workspace_chat_rag_v2_canary/materialized_sources/wsc-52e09d24d9e5de4f67176375.txt,2963,f677e55818bf7683afc45ca0337ce5fa268f9d4beeb3b81b989e93047741daa0
wsc-535057c2df827da43e593bb0,canary/wsc-535057c2df827da43e593bb0.txt,local_runs/workspace_chat_rag_v2_canary/materialized_sources/wsc-535057c2df827da43e593bb0.txt,81173,6151f1e60c8707937550963a25ffb78d9c34c0a81513adb0f0f7afcd547cc256
wsc-5527b89949fcbd89449224c8,canary/wsc-5527b89949fcbd89449224c8.txt,local_runs/workspace_chat_rag_v2_canary/materialized_sources/wsc-5527b89949fcbd89449224c8.txt,2123,7a9b1ce231caaf4d7101d508ffdb830fffea2d4ccc5de19f72a3a8c741b2232e
wsc-5582ee77957a9aab925f3312,canary/wsc-5582ee77957a9aab925f3312.txt,local_runs/workspace_chat_rag_v2_canary/materialized_sources/wsc-5582ee77957a9aab925f3312.txt,2152,7d419b399d11f809c946c8678aea7921bebdde180e195b42a839e50e56de71a6
wsc-565fad6cef70e70bccf4a360,canary/wsc-565fad6cef70e70bccf4a360.txt,local_runs/workspace_chat_rag_v2_canary/materialized_sources/wsc-565fad6cef70e70bccf4a360.txt,1541,d269526c09c28b88d0a0a259f3665fd6725585724cff725a2e585a007a533214
wsc-5687e116c9f381661d10bd77,canary/wsc-5687e116c9f381661d10bd77.txt,local_runs/workspace_chat_rag_v2_canary/materialized_sources/wsc-5687e116c9f381661d10bd77.txt,133867,646227f95f2bb55d6372e6332db7f0d1a73ef258fbe516b4e8265534c78f6472
wsc-5719cc700a115abeb9933116,canary/wsc-5719cc700a115abeb9933116.txt,local_runs/workspace_chat_rag_v2_canary/materialized_sources/wsc-5719cc700a115abeb9933116.txt,28574,da2f24545c871b386315450c63adad2f0fb582e9529b60795a892f109e19b819
wsc-5782d41b7dde1cbdb668c31c,canary/wsc-5782d41b7dde1cbdb668c31c.txt,local_runs/workspace_chat_rag_v2_canary/materialized_sources/wsc-5782d41b7dde1cbdb668c31c.txt,16361,fa8fc5104acfd23f43264a2c0d51d96ba93fe9a75b46dc05d8aab76ca6017ae6
wsc-579b74f1c047f8145d879382,canary/wsc-579b74f1c047f8145d879382.txt,local_runs/workspace_chat_rag_v2_canary/materialized_sources/wsc-579b74f1c047f8145d879382.txt,4820,b179880daba9c2fbda766d6937965e2038764c0ae3f6cb9a24dea90b6dc1a44f
wsc-57a940899f40e39ec67b9661,canary/wsc-57a940899f40e39ec67b9661.txt,local_runs/workspace_chat_rag_v2_canary/materialized_sources/wsc-57a940899f40e39ec67b9661.txt,4979,4b8da2e236ff15fa90f5423b25881d729430b998a5872e5954b33eda35d80138
wsc-58a2abb444cee489b6786de3,canary/wsc-58a2abb444cee489b6786de3.txt,local_runs/workspace_chat_rag_v2_canary/materialized_sources/wsc-58a2abb444cee489b6786de3.txt,27634,8e3dd3b929ff52fdd7078f5e66ea04c5779fa28e9dc0392710f00d6b23007032
wsc-591aa0bdb18b4341676e518a,canary/wsc-591aa0bdb18b4341676e518a.txt,local_runs/workspace_chat_rag_v2_canary/materialized_sources/wsc-591aa0bdb18b4341676e518a.txt,2689,b8e4d395649fd35c28046837e5addabf2681af8e91d784b2be16e87ea653bdd2
wsc-5953d3fff1a73f1068d08192,canary/wsc-5953d3fff1a73f1068d08192.txt,local_runs/workspace_chat_rag_v2_canary/materialized_sources/wsc-5953d3fff1a73f1068d08192.txt,4958,1cec02ab5e38bbd199fc831a0583f0ea01d51013ecf31b537bf171cdd4f22b49
wsc-597d95c4a4f36f4bbef26750,canary/wsc-597d95c4a4f36f4bbef26750.txt,local_runs/workspace_chat_rag_v2_canary/materialized_sources/wsc-597d95c4a4f36f4bbef26750.txt,846,faaaefa4be1d96796077f3a684f87d45aad5b53152890f01f236dc4d74230a6d
wsc-59bc5f7a5f5fcb3abed9b3f6,canary/wsc-59bc5f7a5f5fcb3abed9b3f6.txt,local_runs/workspace_chat_rag_v2_canary/materialized_sources/wsc-59bc5f7a5f5fcb3abed9b3f6.txt,2587,e68c284365decaca9d2af72ab4929acca722c65c84c619313803a91ad1a5af1d
wsc-5a63dbce80246536b744fd12,canary/wsc-5a63dbce80246536b744fd12.txt,local_runs/workspace_chat_rag_v2_canary/materialized_sources/wsc-5a63dbce80246536b744fd12.txt,1377,22b99e33d109a7a6f6006404eb7c1f943fd190b2be7d8be69ac9f3288935f755
wsc-5a8baa48d12a202a38015382,canary/wsc-5a8baa48d12a202a38015382.txt,local_runs/workspace_chat_rag_v2_canary/materialized_sources/wsc-5a8baa48d12a202a38015382.txt,2729,83e6bc9da32334a534de44c18a2d14b21737a38ec681b9b9fc3e621b43bcf428
wsc-5b219b5781adfc730535871f,canary/wsc-5b219b5781adfc730535871f.txt,local_runs/workspace_chat_rag_v2_canary/materialized_sources/wsc-5b219b5781adfc730535871f.txt,4449,3db8441abd95d94042b5567bfc0f97cd7b1d1fa555251b9f239fa99dfbaf8f53
wsc-5bb2e1327274e578dd2c71f4,canary/wsc-5bb2e1327274e578dd2c71f4.txt,local_runs/workspace_chat_rag_v2_canary/materialized_sources/wsc-5bb2e1327274e578dd2c71f4.txt,63843,7e34df9d0804791f61a56a5a2da0f28be0c778584e576f609ef9297c4e3fc232
wsc-5be433bfc8d38401800a093c,canary/wsc-5be433bfc8d38401800a093c.txt,local_runs/workspace_chat_rag_v2_canary/materialized_sources/wsc-5be433bfc8d38401800a093c.txt,5536,0c55e17cca97cf66ca48fa1ea1a1641b9b070549be7029c31d486a35bf7e683e
wsc-5c325bc2f80435062df95d50,canary/wsc-5c325bc2f80435062df95d50.txt,local_runs/workspace_chat_rag_v2_canary/materialized_sources/wsc-5c325bc2f80435062df95d50.txt,66257,bafe86dbe61af6ed3e4cd17120c012d770f36f04a61f3ff22323515528dba3be
wsc-5c456e05b4216ec1bb640530,canary/wsc-5c456e05b4216ec1bb640530.txt,local_runs/workspace_chat_rag_v2_canary/materialized_sources/wsc-5c456e05b4216ec1bb640530.txt,1211,4c3ded1ceb38dd82e455eace09a9996d3f5851ca5c71b3fcd3362c29173e64e1
wsc-5e1396801eb098b19421a59e,canary/wsc-5e1396801eb098b19421a59e.txt,local_runs/workspace_chat_rag_v2_canary/materialized_sources/wsc-5e1396801eb098b19421a59e.txt,1234,1dcd72f9bdb27457644fe4c72404b3484439292755f13dbb5f184c8d64ced61b
wsc-5e312a41b4fc335ffa44996a,canary/wsc-5e312a41b4fc335ffa44996a.txt,local_runs/workspace_chat_rag_v2_canary/materialized_sources/wsc-5e312a41b4fc335ffa44996a.txt,5854,3df2b7de9317f34bed39fdc6a06dd27a653489f9575074d3baae893fde2cd1c3
wsc-5ea69e17220dfbfb09ad59d1,canary/wsc-5ea69e17220dfbfb09ad59d1.txt,local_runs/workspace_chat_rag_v2_canary/materialized_sources/wsc-5ea69e17220dfbfb09ad59d1.txt,1638,4f3c94d2b7563ce03392388a5778f91c7cbc9f57b5135d4a1ce3a9bf416805fc
wsc-5f4753572bafb19738cc4e22,canary/wsc-5f4753572bafb19738cc4e22.txt,local_runs/workspace_chat_rag_v2_canary/materialized_sources/wsc-5f4753572bafb19738cc4e22.txt,8738,c7df801fa579660400d970e5ec1cf728aef46668b234edb2ede255e10527f55f
wsc-5ffc1cf0d0244daff95a3f88,canary/wsc-5ffc1cf0d0244daff95a3f88.txt,local_runs/workspace_chat_rag_v2_canary/materialized_sources/wsc-5ffc1cf0d0244daff95a3f88.txt,4475,df1ca765a845cf8c6d91f96591b26699c7175a92f9b9c47195c4599cad657d3b
wsc-61c93ce16af0fbeb80b7aeed,canary/wsc-61c93ce16af0fbeb80b7aeed.txt,local_runs/workspace_chat_rag_v2_canary/materialized_sources/wsc-61c93ce16af0fbeb80b7aeed.txt,2059,721e43bd792612cf5f4c7b9f788c814bde80926b1f9b1f874bc0b1b976593ddd
wsc-6355c4f658a300f6fdd9d203,canary/wsc-6355c4f658a300f6fdd9d203.txt,local_runs/workspace_chat_rag_v2_canary/materialized_sources/wsc-6355c4f658a300f6fdd9d203.txt,1291,25655a56c6b11dc8951bbffc67b30f4cd7604e66a988f0a534540ff273d2ee15
wsc-6376bc54c4e43de2427d1343,canary/wsc-6376bc54c4e43de2427d1343.txt,local_runs/workspace_chat_rag_v2_canary/materialized_sources/wsc-6376bc54c4e43de2427d1343.txt,1244,5a7cc4789c3e1e6d61cedcf8eb8e5b644fc2bb1c6982955703dce88750ce4208
wsc-63ee830e8f40274c7cbbdfc4,canary/wsc-63ee830e8f40274c7cbbdfc4.txt,local_runs/workspace_chat_rag_v2_canary/materialized_sources/wsc-63ee830e8f40274c7cbbdfc4.txt,3702,044d0393f1e611abcb32c8116c216549154b9efcbb9d4443a73c400eedec653c
wsc-6545fbd02cf63f9124d579cb,canary/wsc-6545fbd02cf63f9124d579cb.txt,local_runs/workspace_chat_rag_v2_canary/materialized_sources/wsc-6545fbd02cf63f9124d579cb.txt,20916,361aa07a92d5e53e47b60fdc0f3750c529e6bbcb6ee39d88b8c3def0ec92a572
wsc-654ff83db5c2c37a1289ec7b,canary/wsc-654ff83db5c2c37a1289ec7b.txt,local_runs/workspace_chat_rag_v2_canary/materialized_sources/wsc-654ff83db5c2c37a1289ec7b.txt,4166,47912d7c986d14745ca0e81416212358346d2f93925534e7875f1189eb14fe05
wsc-659942f48e2057945b2fddd7,canary/wsc-659942f48e2057945b2fddd7.txt,local_runs/workspace_chat_rag_v2_canary/materialized_sources/wsc-659942f48e2057945b2fddd7.txt,1183,430e6bab8b2b1d658eae41bc634a2cd59ea2cf80658d8f2d24a8d48612b9e324
wsc-662a97440783e685358d6e0f,canary/wsc-662a97440783e685358d6e0f.txt,local_runs/workspace_chat_rag_v2_canary/materialized_sources/wsc-662a97440783e685358d6e0f.txt,2654,bedee9434a6aa4b1d045e782b06b56491af4f564e7e1c0e7a42f70fdd28e63cd
wsc-66ef87460eac6eb23a9e4171,canary/wsc-66ef87460eac6eb23a9e4171.txt,local_runs/workspace_chat_rag_v2_canary/materialized_sources/wsc-66ef87460eac6eb23a9e4171.txt,2746,6ee6ac7f179398fbd675ac7946fa56f8c6a94cb17d85c6582b0a02d4c7c512e4
wsc-671647b1c8d9a58a095d1a5c,canary/wsc-671647b1c8d9a58a095d1a5c.txt,local_runs/workspace_chat_rag_v2_canary/materialized_sources/wsc-671647b1c8d9a58a095d1a5c.txt,52815,42c66fc6a4134011c56ec306f5442f949c595ccf5571915ba34c2dccb861aa9a
wsc-67bb63e1fa2e59f1fbc7320d,canary/wsc-67bb63e1fa2e59f1fbc7320d.txt,local_runs/workspace_chat_rag_v2_canary/materialized_sources/wsc-67bb63e1fa2e59f1fbc7320d.txt,5870,ad3b65a309ab6e5d6841a8b18330bc49e2c896e6c8ac2cdf5e2f7acdb07503d2
wsc-6941cdac7ea87d001251b851,canary/wsc-6941cdac7ea87d001251b851.txt,local_runs/workspace_chat_rag_v2_canary/materialized_sources/wsc-6941cdac7ea87d001251b851.txt,12852,bbc73cbb3415f504746847be76bfa728d251a467130161b42896e4e403f08074
wsc-6a25f0b37dc4c45c4ad1874f,canary/wsc-6a25f0b37dc4c45c4ad1874f.txt,local_runs/workspace_chat_rag_v2_canary/materialized_sources/wsc-6a25f0b37dc4c45c4ad1874f.txt,126943,ec84894df81fc2df002430b960542203b279a312c30d7c5e41656add36e4d336
wsc-6a8ed23de180f61b287727bb,canary/wsc-6a8ed23de180f61b287727bb.txt,local_runs/workspace_chat_rag_v2_canary/materialized_sources/wsc-6a8ed23de180f61b287727bb.txt,2776,47f762527466b166a8a357188df87f6525a004bd870b642d443c8108cf3aa708
wsc-6aa9d3fc0950434765835f35,canary/wsc-6aa9d3fc0950434765835f35.txt,local_runs/workspace_chat_rag_v2_canary/materialized_sources/wsc-6aa9d3fc0950434765835f35.txt,4998,9f26a54c0800b90c71e2c966a9983e04ced92af4a59a31702c4da4d27d9541af
wsc-6b05700fdc3ea4552f958063,canary/wsc-6b05700fdc3ea4552f958063.txt,local_runs/workspace_chat_rag_v2_canary/materialized_sources/wsc-6b05700fdc3ea4552f958063.txt,82613,8ae6a15c7ddea1c1289da7430931b3d31ca8994d8588ef2f5bea6845d0f6f557
wsc-6b2aa94ef8e53292a9ec0c1d,canary/wsc-6b2aa94ef8e53292a9ec0c1d.txt,local_runs/workspace_chat_rag_v2_canary/materialized_sources/wsc-6b2aa94ef8e53292a9ec0c1d.txt,4454,77d21b3becba3ce9dae4fcdd6a2cee122f205d9c70afab9b6c167c3c13e469f6
wsc-6ce168797974d612eba1d141,canary/wsc-6ce168797974d612eba1d141.txt,local_runs/workspace_chat_rag_v2_canary/materialized_sources/wsc-6ce168797974d612eba1d141.txt,1520,8e222016426fb867fffea470be3bf09b05eb78f81191c01bd76f49914d1bc413
wsc-6ce244ece3add1cfe2daab28,canary/wsc-6ce244ece3add1cfe2daab28.txt,local_runs/workspace_chat_rag_v2_canary/materialized_sources/wsc-6ce244ece3add1cfe2daab28.txt,2809,8f37ebb815b54848adf87fe98c21da1532ea332e1f9d13debf810e48fc9fbbbc
wsc-6cf9ca1a19e5eeffa16e18af,canary/wsc-6cf9ca1a19e5eeffa16e18af.txt,local_runs/workspace_chat_rag_v2_canary/materialized_sources/wsc-6cf9ca1a19e5eeffa16e18af.txt,3253,51b6be77508c457d8f9f0a21424e46ece60f0fb423755f52bc1815aa8f7ee080
wsc-6d14cd1be7bda0d92499e2ae,canary/wsc-6d14cd1be7bda0d92499e2ae.txt,local_runs/workspace_chat_rag_v2_canary/materialized_sources/wsc-6d14cd1be7bda0d92499e2ae.txt,97,e38d54cc28a37b2415f3f83fac238c8186e7c678f4dad14e45e99dcc7bdcd99d
wsc-6d56f89f94f2e1ea664ebbb0,canary/wsc-6d56f89f94f2e1ea664ebbb0.txt,local_runs/workspace_chat_rag_v2_canary/materialized_sources/wsc-6d56f89f94f2e1ea664ebbb0.txt,123809,6c8fe63b99ca51ac04d2371b6b65abe5ad86173fc994dd47cccb4593d4e37157
wsc-6d58d6c9477720fb1229436c,canary/wsc-6d58d6c9477720fb1229436c.txt,local_runs/workspace_chat_rag_v2_canary/materialized_sources/wsc-6d58d6c9477720fb1229436c.txt,4670,91c41107237a9a03e561a169742488783654a35c18407b00dacfc4a1ad074406
wsc-6d6398a3ab79894c5425393f,canary/wsc-6d6398a3ab79894c5425393f.txt,local_runs/workspace_chat_rag_v2_canary/materialized_sources/wsc-6d6398a3ab79894c5425393f.txt,2447,f2ba51cdb5f25f3d506642887f33005060660cd5c93d51cd25b661b5564f18b7
wsc-6dfabb03ef6bb4e15b9ebf5a,canary/wsc-6dfabb03ef6bb4e15b9ebf5a.txt,local_runs/workspace_chat_rag_v2_canary/materialized_sources/wsc-6dfabb03ef6bb4e15b9ebf5a.txt,4311,31a66395507b4a5045e24d2be443b4de7b086673d767037a36e2587b9f146462
wsc-6e51a0f2bb7b2d5e85afcf62,canary/wsc-6e51a0f2bb7b2d5e85afcf62.txt,local_runs/workspace_chat_rag_v2_canary/materialized_sources/wsc-6e51a0f2bb7b2d5e85afcf62.txt,2640,789ba2ba072727f70676acf82f0d400ca073d8e113d72fd65dc62290aac51a3f
wsc-6e53ae5b1275456edd63beb6,canary/wsc-6e53ae5b1275456edd63beb6.txt,local_runs/workspace_chat_rag_v2_canary/materialized_sources/wsc-6e53ae5b1275456edd63beb6.txt,1129,45572b1610bfaf610fcbae99fe3e9dd2e7498ff692795052110d16bf39ad2799
wsc-6ee7bee35dc72905076f42d2,canary/wsc-6ee7bee35dc72905076f42d2.txt,local_runs/workspace_chat_rag_v2_canary/materialized_sources/wsc-6ee7bee35dc72905076f42d2.txt,1446,f5ccc8563f7173967c8aa3100fb1b29ae8e43e61cd8f8567f113769a0338398c
wsc-6f2381659edca571f63aaa13,canary/wsc-6f2381659edca571f63aaa13.txt,local_runs/workspace_chat_rag_v2_canary/materialized_sources/wsc-6f2381659edca571f63aaa13.txt,1616,9f11f9e9f7aa3de698cc988bebad05757cb10a97d46ef8b971a55f6201672e49
wsc-7030e0419bdb4c0b0d4370b8,canary/wsc-7030e0419bdb4c0b0d4370b8.txt,local_runs/workspace_chat_rag_v2_canary/materialized_sources/wsc-7030e0419bdb4c0b0d4370b8.txt,2185,3ba76e20ba29aae356d36b065648cb0d288df9b4e5d7a3b54c9757c8cd72f061
wsc-703148c1b14c3d271f69773f,canary/wsc-703148c1b14c3d271f69773f.txt,local_runs/workspace_chat_rag_v2_canary/materialized_sources/wsc-703148c1b14c3d271f69773f.txt,11435,c07635305601dda63e9c3118d2e2bde21f4e9ffa8bcdc88c5adb9dcd54f19ca3
wsc-70c916ba961ab584ec28ba23,canary/wsc-70c916ba961ab584ec28ba23.txt,local_runs/workspace_chat_rag_v2_canary/materialized_sources/wsc-70c916ba961ab584ec28ba23.txt,3002,6297e4eccb8ab2b31824802c3b29a522e2b6fb9838d6e6210281278294e80ae8
wsc-70e43b4fd7941d590c853961,canary/wsc-70e43b4fd7941d590c853961.txt,local_runs/workspace_chat_rag_v2_canary/materialized_sources/wsc-70e43b4fd7941d590c853961.txt,1949,753435cfdfc433e3af7eda8089086ba75e81a82d95239cc820fa23719464ce07
wsc-72286b0d4ce7fb98fb5a3709,canary/wsc-72286b0d4ce7fb98fb5a3709.txt,local_runs/workspace_chat_rag_v2_canary/materialized_sources/wsc-72286b0d4ce7fb98fb5a3709.txt,960,e87af4b5c12309740496f91a9b9ee26d1135dfbac80f421dc98bb76f77d9c216
wsc-756ec8bfa45adbec0fffba9f,canary/wsc-756ec8bfa45adbec0fffba9f.txt,local_runs/workspace_chat_rag_v2_canary/materialized_sources/wsc-756ec8bfa45adbec0fffba9f.txt,2869,d289e87315586a3c207e80d29932936d2e233242c19777985675424222b3187c
wsc-758dbc494c6c79e1c24399bb,canary/wsc-758dbc494c6c79e1c24399bb.txt,local_runs/workspace_chat_rag_v2_canary/materialized_sources/wsc-758dbc494c6c79e1c24399bb.txt,2669,614baac5533eb34ff6e24dfab7c109571b83bf93f92a414e55fde914e6e3aed2
wsc-75ac58a60b2852018a5224ff,canary/wsc-75ac58a60b2852018a5224ff.txt,local_runs/workspace_chat_rag_v2_canary/materialized_sources/wsc-75ac58a60b2852018a5224ff.txt,1379,fa1c80ff46d69bf5a269f84cb3394cf22403c189c03824105f2e161c065ca44d
wsc-75d716e930e8ddf3fc591e5a,canary/wsc-75d716e930e8ddf3fc591e5a.txt,local_runs/workspace_chat_rag_v2_canary/materialized_sources/wsc-75d716e930e8ddf3fc591e5a.txt,43988,8593d30e60eaefa3c0a59bf21d10ea8d28e99dba4979b39a735c0474bfdc7672
wsc-76beb46f6973ff5135836034,canary/wsc-76beb46f6973ff5135836034.txt,local_runs/workspace_chat_rag_v2_canary/materialized_sources/wsc-76beb46f6973ff5135836034.txt,2404,54b3d02974b1cbb98d7457f20eefddee133b4a842c5b1e04e50c9a475285cc52
wsc-76c8e2359e579b0448972a17,canary/wsc-76c8e2359e579b0448972a17.txt,local_runs/workspace_chat_rag_v2_canary/materialized_sources/wsc-76c8e2359e579b0448972a17.txt,11759,95ab69b3f38adeb7542b8abf8450d21eef861af05c94b8d36cedc24d7ac17a33
wsc-78de95b245dd358790a9839f,canary/wsc-78de95b245dd358790a9839f.txt,local_runs/workspace_chat_rag_v2_canary/materialized_sources/wsc-78de95b245dd358790a9839f.txt,1303,080a6c65e9865a2a3aebec0c7979d9ebeb66ba40c8e290994b42f02069ec13b7
wsc-794a6014e1db7ca12a463750,canary/wsc-794a6014e1db7ca12a463750.txt,local_runs/workspace_chat_rag_v2_canary/materialized_sources/wsc-794a6014e1db7ca12a463750.txt,2231,3339f41161585ab237d1d880bddb25d35b7ed74983d1112c03beed552ab0dde7
wsc-7968ee2d1b2ebb56a5055dc6,canary/wsc-7968ee2d1b2ebb56a5055dc6.txt,local_runs/workspace_chat_rag_v2_canary/materialized_sources/wsc-7968ee2d1b2ebb56a5055dc6.txt,1326,ebae15ec501434546076a04759f8e53f4864c3d26f54c9c7e379cc1cb8b01941
wsc-7a505c0cbff07a91486d0604,canary/wsc-7a505c0cbff07a91486d0604.txt,local_runs/workspace_chat_rag_v2_canary/materialized_sources/wsc-7a505c0cbff07a91486d0604.txt,119173,21eb6b918f909e9a43afd5273a25ab7b19dfe1c6564a3a084fba4f82d0fffcf7
wsc-7aadc03f0430574d2dd9f4b4,canary/wsc-7aadc03f0430574d2dd9f4b4.txt,local_runs/workspace_chat_rag_v2_canary/materialized_sources/wsc-7aadc03f0430574d2dd9f4b4.txt,11391,2fb6b2bcd3619c6f7e0954126b5e8a8eecaf0a56b6114dbf4649cee9498c4281
wsc-7ca7d51080822d189e6b3585,canary/wsc-7ca7d51080822d189e6b3585.txt,local_runs/workspace_chat_rag_v2_canary/materialized_sources/wsc-7ca7d51080822d189e6b3585.txt,81866,8b9d1af9573ccf3a9d78b89ac465d44313ad39caa2d3693ef880a1d853b8a895
wsc-7dc11a30e67f3b914854c443,canary/wsc-7dc11a30e67f3b914854c443.txt,local_runs/workspace_chat_rag_v2_canary/materialized_sources/wsc-7dc11a30e67f3b914854c443.txt,35364,f18513482b7d39c459d5c319fecc46ddd950d0033e071535be0095033ef71b14
wsc-7ea49d4f4bf91b9d4fdd947e,canary/wsc-7ea49d4f4bf91b9d4fdd947e.txt,local_runs/workspace_chat_rag_v2_canary/materialized_sources/wsc-7ea49d4f4bf91b9d4fdd947e.txt,2689,caaa283283776a059c8a48fb822b6a53668c595adf5700298543e1867c094bde
wsc-7f0a77dcd5d243e5f8ff4884,canary/wsc-7f0a77dcd5d243e5f8ff4884.txt,local_runs/workspace_chat_rag_v2_canary/materialized_sources/wsc-7f0a77dcd5d243e5f8ff4884.txt,5507,23e2f100c5f091a19bf7d035a608d6e3f96f584e4746e0560b15efe7f40ed788
wsc-7f5d66631ea984eb8dfb4614,canary/wsc-7f5d66631ea984eb8dfb4614.txt,local_runs/workspace_chat_rag_v2_canary/materialized_sources/wsc-7f5d66631ea984eb8dfb4614.txt,4948,6d92b29a9e2e1ba8f4dd46322b3a93309ebb3374a8ffd39b41d5432a34784780
wsc-7fda9af6d612cc97e9d47dab,canary/wsc-7fda9af6d612cc97e9d47dab.txt,local_runs/workspace_chat_rag_v2_canary/materialized_sources/wsc-7fda9af6d612cc97e9d47dab.txt,1521,b7e84730b6d35805eba11108735da267d24a35e283cf2b096763532519838800
wsc-8248bdc24a71d8df21ffe3d7,canary/wsc-8248bdc24a71d8df21ffe3d7.txt,local_runs/workspace_chat_rag_v2_canary/materialized_sources/wsc-8248bdc24a71d8df21ffe3d7.txt,3066,ce5b49d7994312a2770130172f3a42514684f3b91925486c182439cfe60825c5
wsc-831a6182163c98f5ca7256fd,canary/wsc-831a6182163c98f5ca7256fd.txt,local_runs/workspace_chat_rag_v2_canary/materialized_sources/wsc-831a6182163c98f5ca7256fd.txt,73917,5f853617a8a9ae3b768ff141a114fedad0bdcd2362fc4e54ec201f15bd8029d8
wsc-8399c46944dbc54cb406f5f2,canary/wsc-8399c46944dbc54cb406f5f2.txt,local_runs/workspace_chat_rag_v2_canary/materialized_sources/wsc-8399c46944dbc54cb406f5f2.txt,82625,d6ebb9929814682f64dce2e99ffa6e24be7ecec73c105c066ee3fa0337760d6e
wsc-841c550e596405b02acca0fc,canary/wsc-841c550e596405b02acca0fc.txt,local_runs/workspace_chat_rag_v2_canary/materialized_sources/wsc-841c550e596405b02acca0fc.txt,1405,ac847007dfd351e9452c736122f7aa85a0fb775801238e756113156669a7ddcf
wsc-843d4c78354106aa63f64768,canary/wsc-843d4c78354106aa63f64768.txt,local_runs/workspace_chat_rag_v2_canary/materialized_sources/wsc-843d4c78354106aa63f64768.txt,1276,17711410747331ecdc600dcf608309eef5df81c90a9b9d805ac5647127720f6d
wsc-8458ecd9bd71aa7161285f5e,canary/wsc-8458ecd9bd71aa7161285f5e.txt,local_runs/workspace_chat_rag_v2_canary/materialized_sources/wsc-8458ecd9bd71aa7161285f5e.txt,26723,bc06cab7c69d9520a3677fa427eb8dea07413716073005afb509c76fac5d4d19
wsc-8542dc0b45fd92bfeac1d400,canary/wsc-8542dc0b45fd92bfeac1d400.txt,local_runs/workspace_chat_rag_v2_canary/materialized_sources/wsc-8542dc0b45fd92bfeac1d400.txt,3179,8ccd79ca1f24e486dd635c3d5b9de6eb04b9f65fbae123aef8ee2985c1a5a328
wsc-856776d9f52abcb01c770de8,canary/wsc-856776d9f52abcb01c770de8.txt,local_runs/workspace_chat_rag_v2_canary/materialized_sources/wsc-856776d9f52abcb01c770de8.txt,2702,87b72b51a58ee688ded8e5caab73a92eb52ee027e82f45a2bcd9c114179f5999
wsc-85767d5af538c492b57229d5,canary/wsc-85767d5af538c492b57229d5.txt,local_runs/workspace_chat_rag_v2_canary/materialized_sources/wsc-85767d5af538c492b57229d5.txt,1551,3d76afc202f0e6bd42b1cb28d660cbb97eb29d3fa59fecc425f781b3e6b062e5
wsc-85c52c3a94a508811c1e6e81,canary/wsc-85c52c3a94a508811c1e6e81.txt,local_runs/workspace_chat_rag_v2_canary/materialized_sources/wsc-85c52c3a94a508811c1e6e81.txt,1190,f669d75242a12c594ab3bf590ab47c9b395c3467395bb15873adaea2ce61b1c6
wsc-864a0f3fe5af4b07ba12ca31,canary/wsc-864a0f3fe5af4b07ba12ca31.txt,local_runs/workspace_chat_rag_v2_canary/materialized_sources/wsc-864a0f3fe5af4b07ba12ca31.txt,3757,04ccc4a09fdee94cc85445e554c18d7342901400facb124400b7053708088fba
wsc-865ce9d83a09db055a608707,canary/wsc-865ce9d83a09db055a608707.txt,local_runs/workspace_chat_rag_v2_canary/materialized_sources/wsc-865ce9d83a09db055a608707.txt,1565,39dda08053e9b3a8dd7fdcceda5fadafee2766e47e7c034e2e203b36568a20e6
wsc-86943fc97c1785f868e20b00,canary/wsc-86943fc97c1785f868e20b00.txt,local_runs/workspace_chat_rag_v2_canary/materialized_sources/wsc-86943fc97c1785f868e20b00.txt,1304,cc3eda34e3a84ce41c884308fdc6df7c7898137b737b0bf76399b84d8b414509
wsc-8708909fc8c5140efa7389fc,canary/wsc-8708909fc8c5140efa7389fc.txt,local_runs/workspace_chat_rag_v2_canary/materialized_sources/wsc-8708909fc8c5140efa7389fc.txt,4727,1fdf9fb5c955c3827b2f5171a72fcbfec3c91358e1a5d9e68e77b4afecf83c23
wsc-87d4c88ab790608fbe2b2f7e,canary/wsc-87d4c88ab790608fbe2b2f7e.txt,local_runs/workspace_chat_rag_v2_canary/materialized_sources/wsc-87d4c88ab790608fbe2b2f7e.txt,1866,118d0b39120e36d8ccfead749a240368d207e669757594f283ce9fa0642bbd97
wsc-87e68f77013c9fae3fd9a281,canary/wsc-87e68f77013c9fae3fd9a281.txt,local_runs/workspace_chat_rag_v2_canary/materialized_sources/wsc-87e68f77013c9fae3fd9a281.txt,4657,9308a95dff3b9980253b9a5a766b8a738a077f45d9aaf4c5e36f1e126999181a
wsc-87f9408a4e99965bdec734c3,canary/wsc-87f9408a4e99965bdec734c3.txt,local_runs/workspace_chat_rag_v2_canary/materialized_sources/wsc-87f9408a4e99965bdec734c3.txt,4647,891b338cb36f39b5e2e305fb6d66ee97111a60bb6e563afc02dc65043d7a5a3d
wsc-88b9a732e3007c8110dc64bd,canary/wsc-88b9a732e3007c8110dc64bd.txt,local_runs/workspace_chat_rag_v2_canary/materialized_sources/wsc-88b9a732e3007c8110dc64bd.txt,1415,bdd097d4efc46b1dd778c55ea10980d5a3e31f956ff1721a048be24640e2e2e0
wsc-894cf7bc9e15b9980ad7e6fb,canary/wsc-894cf7bc9e15b9980ad7e6fb.txt,local_runs/workspace_chat_rag_v2_canary/materialized_sources/wsc-894cf7bc9e15b9980ad7e6fb.txt,131061,9d32ac471e2df9ebdb81f453b693b0cccb961b83d71ef70b23696978446da1da
wsc-8a3bd0d172fd52cb192c6be7,canary/wsc-8a3bd0d172fd52cb192c6be7.txt,local_runs/workspace_chat_rag_v2_canary/materialized_sources/wsc-8a3bd0d172fd52cb192c6be7.txt,616,3b4cd6f57448799396cf208144675e70e40fa3d819b6f70bc101eaddf4f1a7ad
wsc-8b676a46c3aa4d9c7fd8c7cd,canary/wsc-8b676a46c3aa4d9c7fd8c7cd.txt,local_runs/workspace_chat_rag_v2_canary/materialized_sources/wsc-8b676a46c3aa4d9c7fd8c7cd.txt,2666,6659565f852291f1285ea9a91edaba13d75a1c2f82a4d07234a86faa6679bcee
wsc-8cc0793364bf7baaf4096f17,canary/wsc-8cc0793364bf7baaf4096f17.txt,local_runs/workspace_chat_rag_v2_canary/materialized_sources/wsc-8cc0793364bf7baaf4096f17.txt,2027,452803c42192d0c2563b85a5a25b4a428350b7df894e2e25cfc9ba718a40289f
wsc-8d6b06ce2266f3fee2004eef,canary/wsc-8d6b06ce2266f3fee2004eef.txt,local_runs/workspace_chat_rag_v2_canary/materialized_sources/wsc-8d6b06ce2266f3fee2004eef.txt,1220,17732dc25ce14c482bc13b6487f1b429eb2727ddd43a3f1299453d3eac8aa2f3
wsc-8e2693333287a273de212e86,canary/wsc-8e2693333287a273de212e86.txt,local_runs/workspace_chat_rag_v2_canary/materialized_sources/wsc-8e2693333287a273de212e86.txt,2743,be8827dc8f40864f722c3582fe93f2dfb3421eef0d3e9f754296f12d670d1c61
wsc-8e77034be821a0defc399696,canary/wsc-8e77034be821a0defc399696.txt,local_runs/workspace_chat_rag_v2_canary/materialized_sources/wsc-8e77034be821a0defc399696.txt,4946,cd4b12851a3e84132c864e4e43493301f596e21d7ca5fc8100b339ec4209f007
wsc-8f01db2d4310a5f9a2ffed98,canary/wsc-8f01db2d4310a5f9a2ffed98.txt,local_runs/workspace_chat_rag_v2_canary/materialized_sources/wsc-8f01db2d4310a5f9a2ffed98.txt,2259,fb1962dcc7b287ad0c51c3f09f9d4a0555768e3a1ab56216d8cc6736d0e6c2f6
wsc-8f45a0e3b812448038544a7c,canary/wsc-8f45a0e3b812448038544a7c.txt,local_runs/workspace_chat_rag_v2_canary/materialized_sources/wsc-8f45a0e3b812448038544a7c.txt,17777,54a5d84613a4c672a2aee6882e52b4ab207b7ef5bb5f900fe436ac5e4b68f0ec
wsc-8f9b210b6aa7127695267b2a,canary/wsc-8f9b210b6aa7127695267b2a.txt,local_runs/workspace_chat_rag_v2_canary/materialized_sources/wsc-8f9b210b6aa7127695267b2a.txt,4808,4a5739872607f690d2f5493d78e614f9e27c6262badae3522efda5468e3ec966
wsc-8fa4fe038d9a05d81b9eb528,canary/wsc-8fa4fe038d9a05d81b9eb528.txt,local_runs/workspace_chat_rag_v2_canary/materialized_sources/wsc-8fa4fe038d9a05d81b9eb528.txt,4908,c87623ebe0bcbecdc5a73e39bba1ce49dd989eaa283053abce119e591f279bd1
wsc-900d495916697dad42a0e8dd,canary/wsc-900d495916697dad42a0e8dd.txt,local_runs/workspace_chat_rag_v2_canary/materialized_sources/wsc-900d495916697dad42a0e8dd.txt,5259,d3f9f9073a2d70bd0e0de2ad2afc97f8fca56076ebda921f5df46e12f3f3e363
wsc-907f7112286b9826029a57ce,canary/wsc-907f7112286b9826029a57ce.txt,local_runs/workspace_chat_rag_v2_canary/materialized_sources/wsc-907f7112286b9826029a57ce.txt,24351,6ef281186c02f80e789448c092fe6919b21d766c9be7f86368ce72fe08cef422
wsc-90c0903167e4e2bc194e328d,canary/wsc-90c0903167e4e2bc194e328d.txt,local_runs/workspace_chat_rag_v2_canary/materialized_sources/wsc-90c0903167e4e2bc194e328d.txt,39364,18452abc38f60230e7764bbc30d88b8c108925441becdc12eac4e62b0e5d64cc
wsc-916199a6c397038f05d9229a,canary/wsc-916199a6c397038f05d9229a.txt,local_runs/workspace_chat_rag_v2_canary/materialized_sources/wsc-916199a6c397038f05d9229a.txt,2652,733db2f2dfc62bf1c31ddb4514b581b7d135e3b43f2026cd7c8a4ee7acef8d8e
wsc-91ce4d7b6af13d7cecec04d7,canary/wsc-91ce4d7b6af13d7cecec04d7.txt,local_runs/workspace_chat_rag_v2_canary/materialized_sources/wsc-91ce4d7b6af13d7cecec04d7.txt,1277,4ca013a53f756b98fc46c69102b2f88188bd98f0ffffa178b18eb49c1df9137d
wsc-91eca8a4697ceb4cd61721c6,canary/wsc-91eca8a4697ceb4cd61721c6.txt,local_runs/workspace_chat_rag_v2_canary/materialized_sources/wsc-91eca8a4697ceb4cd61721c6.txt,4079,03ba5eb59c9933c6f1e73c41b0b070800638b4d54cd32e5224f1c63ee04a7f9e
wsc-91f40df35710a8f2addafc89,canary/wsc-91f40df35710a8f2addafc89.txt,local_runs/workspace_chat_rag_v2_canary/materialized_sources/wsc-91f40df35710a8f2addafc89.txt,82487,245b41b174dcf64da236c10a355d81a270d9916d63e77c3dc29f12a0ea39af13
wsc-921a2daef8ecf13210a5c3ff,canary/wsc-921a2daef8ecf13210a5c3ff.txt,local_runs/workspace_chat_rag_v2_canary/materialized_sources/wsc-921a2daef8ecf13210a5c3ff.txt,6244,c176570eddb47f647564c04a3664a0bd76786d3a5733a79f04c106c82f42906d
wsc-921d7a6025bee08cedda051d,canary/wsc-921d7a6025bee08cedda051d.txt,local_runs/workspace_chat_rag_v2_canary/materialized_sources/wsc-921d7a6025bee08cedda051d.txt,1760590,39126bac3ebf71f6f123e809ea1428070231a863dd3e5f9b96205d10005ecac5
wsc-9291fbad2042853cb55ceeba,canary/wsc-9291fbad2042853cb55ceeba.txt,local_runs/workspace_chat_rag_v2_canary/materialized_sources/wsc-9291fbad2042853cb55ceeba.txt,1994,a2a0be237fc5edd381419b691149bbd7a47432f2e5c5dc4eff2bee80028b183f
wsc-92b0281626781ec129e28804,canary/wsc-92b0281626781ec129e28804.txt,local_runs/workspace_chat_rag_v2_canary/materialized_sources/wsc-92b0281626781ec129e28804.txt,17623,54e586cd861f650b2aa54a58a77504aedd57b33b3ac7a9eef19319a2c8e03ba6
wsc-93a152e658d9e9c7d7577611,canary/wsc-93a152e658d9e9c7d7577611.txt,local_runs/workspace_chat_rag_v2_canary/materialized_sources/wsc-93a152e658d9e9c7d7577611.txt,1580,4662cd7a7028c1300561b2e8b70dbdcdd218189aa4e373415e6fd01adb6f80a0
wsc-93b4d09cfb820bdc9a04f258,canary/wsc-93b4d09cfb820bdc9a04f258.txt,local_runs/workspace_chat_rag_v2_canary/materialized_sources/wsc-93b4d09cfb820bdc9a04f258.txt,1375,18f5684da968c9133dced5e7124cb0138a769790288fab36318ce1ef8ca70f53
wsc-942e16fb891bdf307915ecc9,canary/wsc-942e16fb891bdf307915ecc9.txt,local_runs/workspace_chat_rag_v2_canary/materialized_sources/wsc-942e16fb891bdf307915ecc9.txt,1369,fd258aee8381f27b01bcaef48b3193037d41674251c6ffb17711987d66c97497
wsc-952f6f2564d8ab725da0c2ce,canary/wsc-952f6f2564d8ab725da0c2ce.txt,local_runs/workspace_chat_rag_v2_canary/materialized_sources/wsc-952f6f2564d8ab725da0c2ce.txt,3562,93a87c15bf2799cac4760175350599e79be490d988cbb4ce810a9a08b8738e3d
wsc-958ffd09945cc203c4d139b8,canary/wsc-958ffd09945cc203c4d139b8.txt,local_runs/workspace_chat_rag_v2_canary/materialized_sources/wsc-958ffd09945cc203c4d139b8.txt,1781,a9a79f848518fe8b70c4e7f09efdd2f93746af9a8d90731d33ef2cf728a6c252
wsc-95d4fbee8924c4dccc8711aa,canary/wsc-95d4fbee8924c4dccc8711aa.txt,local_runs/workspace_chat_rag_v2_canary/materialized_sources/wsc-95d4fbee8924c4dccc8711aa.txt,2682,a09ea086e180c077bde5e4809af53da36a6fbcf8bc542734cbd6003ec0d6a7e2
wsc-98f1a2dba280d680dfa49eea,canary/wsc-98f1a2dba280d680dfa49eea.txt,local_runs/workspace_chat_rag_v2_canary/materialized_sources/wsc-98f1a2dba280d680dfa49eea.txt,1231,85f305256506775e54658d94562b7efab3794c06fde278b621e4dbfa91b79db0
wsc-998b92e8af5c086557e8797a,canary/wsc-998b92e8af5c086557e8797a.txt,local_runs/workspace_chat_rag_v2_canary/materialized_sources/wsc-998b92e8af5c086557e8797a.txt,1603,54031e0dacfaecf1ad074c0c63036d0757fb30b49e04ac76db9b130d40670012
wsc-99c84a9a69295ca7b518259a,canary/wsc-99c84a9a69295ca7b518259a.txt,local_runs/workspace_chat_rag_v2_canary/materialized_sources/wsc-99c84a9a69295ca7b518259a.txt,4237,58f37ae6371f248d494bb06399d79bec9891b256bb9e5ebdab73775e6f228aa2
wsc-9a89ee076ef452c7837435d1,canary/wsc-9a89ee076ef452c7837435d1.txt,local_runs/workspace_chat_rag_v2_canary/materialized_sources/wsc-9a89ee076ef452c7837435d1.txt,119118,f1bff373d07b17f6d1cf611216aa343b99f13857a2209275db5a50c2ae53a67a
wsc-9abdeef3c1bfc6c3a09df1e7,canary/wsc-9abdeef3c1bfc6c3a09df1e7.txt,local_runs/workspace_chat_rag_v2_canary/materialized_sources/wsc-9abdeef3c1bfc6c3a09df1e7.txt,4776,04a4e5cdee95c07004fd53b575ca7fc897aa99b1dfa15ce7817865605611b09a
wsc-9b0f3c85c73cf74b5dbd8bef,canary/wsc-9b0f3c85c73cf74b5dbd8bef.txt,local_runs/workspace_chat_rag_v2_canary/materialized_sources/wsc-9b0f3c85c73cf74b5dbd8bef.txt,51061,4771c9c25c1b1dab0b90f991ad8e3ea65498d047e380e27050f3f8a5cba263b5
wsc-9b72e97690e09625f2f4367b,canary/wsc-9b72e97690e09625f2f4367b.txt,local_runs/workspace_chat_rag_v2_canary/materialized_sources/wsc-9b72e97690e09625f2f4367b.txt,3223,75fe87b3196b44fe245f85b40720db8a58f007299c13e5099632957a577b3769
wsc-9bd46ef70a6555cd11bb15c4,canary/wsc-9bd46ef70a6555cd11bb15c4.txt,local_runs/workspace_chat_rag_v2_canary/materialized_sources/wsc-9bd46ef70a6555cd11bb15c4.txt,5023,601a6f5cd6d7808d3c3895478fe5de93c5faee5d484474025224da97ca4658f5
wsc-9c82b1ca2e1898a8d9d03e8b,canary/wsc-9c82b1ca2e1898a8d9d03e8b.txt,local_runs/workspace_chat_rag_v2_canary/materialized_sources/wsc-9c82b1ca2e1898a8d9d03e8b.txt,17036873,f63f6a7d6c5cb20c5a25f7732df9d45e05d475a2785062b31e98b2e2e6b989ac
wsc-9ce8c5d23d9755ce1df19227,canary/wsc-9ce8c5d23d9755ce1df19227.txt,local_runs/workspace_chat_rag_v2_canary/materialized_sources/wsc-9ce8c5d23d9755ce1df19227.txt,2769,7c936b5aabd7d48dd422d1277c184ad321293b8cbf966a787bd24ff1a3a5dddb
wsc-9d4730c1e88feb3aa3294e8c,canary/wsc-9d4730c1e88feb3aa3294e8c.txt,local_runs/workspace_chat_rag_v2_canary/materialized_sources/wsc-9d4730c1e88feb3aa3294e8c.txt,3723,82a15dfe76167a6f99c0083271e786a7555d73783ecd9fce5157f0a681585e01
wsc-9fd0492ef499048e300e36a5,canary/wsc-9fd0492ef499048e300e36a5.txt,local_runs/workspace_chat_rag_v2_canary/materialized_sources/wsc-9fd0492ef499048e300e36a5.txt,3142,a84ef716e2e234a3207618b8ce4b529591066cf624911da61e322f1833f7c206
wsc-a010f8f4fc78f6eabbaf4dff,canary/wsc-a010f8f4fc78f6eabbaf4dff.txt,local_runs/workspace_chat_rag_v2_canary/materialized_sources/wsc-a010f8f4fc78f6eabbaf4dff.txt,5056,38f9ee51c99e1281a43e618e6650bacf7580c45b7bc473c767cac0cd1a208f02
wsc-a027dc74a6fb4b600fff5430,canary/wsc-a027dc74a6fb4b600fff5430.txt,local_runs/workspace_chat_rag_v2_canary/materialized_sources/wsc-a027dc74a6fb4b600fff5430.txt,7860,37a893165ed8e0a72438174eb995d45d4be4a55cd39e840f8968b4bcfa81b61d
wsc-a0846d72893f8d178f0d50c9,canary/wsc-a0846d72893f8d178f0d50c9.txt,local_runs/workspace_chat_rag_v2_canary/materialized_sources/wsc-a0846d72893f8d178f0d50c9.txt,1889,290b1819fe3b5f94f130969dd51dc33a20405dade6920f46f65a7ac224ae8b05
wsc-a1b8eb7507269dd4f862f709,canary/wsc-a1b8eb7507269dd4f862f709.txt,local_runs/workspace_chat_rag_v2_canary/materialized_sources/wsc-a1b8eb7507269dd4f862f709.txt,1172,569b9bebd4c483d89ae81682ba553c3e9673e81866c487c28d9db61efdfc7349
wsc-a422421f0162693ca6d6c829,canary/wsc-a422421f0162693ca6d6c829.txt,local_runs/workspace_chat_rag_v2_canary/materialized_sources/wsc-a422421f0162693ca6d6c829.txt,1548,67ac3cb7ee85b53a1b9e6f1b01ba6f5003654f76a5bd225e953a3c49267bf118
wsc-a6056603cd9e2cfbda3b9ca6,canary/wsc-a6056603cd9e2cfbda3b9ca6.txt,local_runs/workspace_chat_rag_v2_canary/materialized_sources/wsc-a6056603cd9e2cfbda3b9ca6.txt,20592,f3c2f0fa9b329ca5805f906ed269413175d1cf193d22ffd293780e2510ea7699
wsc-a629562965ea15b806bd8ff6,canary/wsc-a629562965ea15b806bd8ff6.txt,local_runs/workspace_chat_rag_v2_canary/materialized_sources/wsc-a629562965ea15b806bd8ff6.txt,2570,589c02268301a18caf0f35056d7ff6ab5dff9ea530785ca7688b708bcc56b6bf
wsc-a656cc0d5bcc128c2eabc3b3,canary/wsc-a656cc0d5bcc128c2eabc3b3.txt,local_runs/workspace_chat_rag_v2_canary/materialized_sources/wsc-a656cc0d5bcc128c2eabc3b3.txt,1107,ac8da7a55f981ed448f77c6f9b4d03c33af5e1b0aeb97dfebc6b30c1de4d62ce
wsc-a760bd10e5adc9d60f0546c7,canary/wsc-a760bd10e5adc9d60f0546c7.txt,local_runs/workspace_chat_rag_v2_canary/materialized_sources/wsc-a760bd10e5adc9d60f0546c7.txt,2710,7b53abd9c8956affedbffbc912acd2dedf681d298dd0f04370c5a4f95ba346ad
wsc-a9448dfc107ebbc20dd951ed,canary/wsc-a9448dfc107ebbc20dd951ed.txt,local_runs/workspace_chat_rag_v2_canary/materialized_sources/wsc-a9448dfc107ebbc20dd951ed.txt,8252,12379d5ebf530778dc64d345cb66730531da2c3cbfdd196171a422b41f89ca38
wsc-a9752345da37158016836bb7,canary/wsc-a9752345da37158016836bb7.txt,local_runs/workspace_chat_rag_v2_canary/materialized_sources/wsc-a9752345da37158016836bb7.txt,2738,336f786fac99abe8a139341cf8e2cfba260747ca244bb0114014b8bc60bf7aa8
wsc-a9dafab21d3287a9cea74290,canary/wsc-a9dafab21d3287a9cea74290.txt,local_runs/workspace_chat_rag_v2_canary/materialized_sources/wsc-a9dafab21d3287a9cea74290.txt,1242,d5f1bdd6acccdf73e2fe533aaaa2b4799dd1737da9e3000937cefb3e49523a14
wsc-a9e56b8f8a6fd79a38d2eab9,canary/wsc-a9e56b8f8a6fd79a38d2eab9.txt,local_runs/workspace_chat_rag_v2_canary/materialized_sources/wsc-a9e56b8f8a6fd79a38d2eab9.txt,1718,266758cd506264ed4d2e93386327a961dc405c77854ddb655644327d36db6dcb
wsc-ab3c54ac9b8321fae82a5ba7,canary/wsc-ab3c54ac9b8321fae82a5ba7.txt,local_runs/workspace_chat_rag_v2_canary/materialized_sources/wsc-ab3c54ac9b8321fae82a5ba7.txt,557682,425a596fcc5cfe550a9d8cfa68b2dc0831119da14bdb17d3b835d526498b4cc8
wsc-ab3ed0277c9e671ac3587bd0,canary/wsc-ab3ed0277c9e671ac3587bd0.txt,local_runs/workspace_chat_rag_v2_canary/materialized_sources/wsc-ab3ed0277c9e671ac3587bd0.txt,119117,91dba9ba27a0ccfdc16072e996b73b8f24e1849b694144358f82ec7fdfa2197b
wsc-abcbc33f243bd0eef6e3fd55,canary/wsc-abcbc33f243bd0eef6e3fd55.txt,local_runs/workspace_chat_rag_v2_canary/materialized_sources/wsc-abcbc33f243bd0eef6e3fd55.txt,2346,a1e1d933858b1b01981b8a26b4ed2df574c72cd96e1d2fed36f6e5e3d2a365de
wsc-ac4003964ded9ce76832613b,canary/wsc-ac4003964ded9ce76832613b.txt,local_runs/workspace_chat_rag_v2_canary/materialized_sources/wsc-ac4003964ded9ce76832613b.txt,37350,e86777150ed223b338f018d66d7c4a59fa38cc6e9ad7721dfdf33071bbf98100
wsc-ac6edc7427a6faa961aa30fb,canary/wsc-ac6edc7427a6faa961aa30fb.txt,local_runs/workspace_chat_rag_v2_canary/materialized_sources/wsc-ac6edc7427a6faa961aa30fb.txt,5952,3b5a50ae1546783b2b269f0674863b5a6690f7943983ad890ce19d3018361ea4
wsc-ad59d7227ae8d8ae5949fe08,canary/wsc-ad59d7227ae8d8ae5949fe08.txt,local_runs/workspace_chat_rag_v2_canary/materialized_sources/wsc-ad59d7227ae8d8ae5949fe08.txt,30960,93cc218079489e36de87b255c384692aa3477d49ffc54057632d8196379ef112
wsc-adecf154c98b3e3e80b04510,canary/wsc-adecf154c98b3e3e80b04510.txt,local_runs/workspace_chat_rag_v2_canary/materialized_sources/wsc-adecf154c98b3e3e80b04510.txt,135884,9d6a70a091867c723b80b5c1be33decea0220315be8d72018ce2b9b9daaff288
wsc-af66518377381816dd1f1941,canary/wsc-af66518377381816dd1f1941.txt,local_runs/workspace_chat_rag_v2_canary/materialized_sources/wsc-af66518377381816dd1f1941.txt,11344,5623d7ec7fc8ee6e0b56e1009c866f282e001a189b474e3a264c9fc9c1e7e491
wsc-b0217ce0f1e8c76b33cf16e1,canary/wsc-b0217ce0f1e8c76b33cf16e1.txt,local_runs/workspace_chat_rag_v2_canary/materialized_sources/wsc-b0217ce0f1e8c76b33cf16e1.txt,2640,db476b0d42d6294013759b7e8b2f1f305bb817aa8e21eed29cd946bf28db542f
wsc-b08efb14d63a9f17c55118fa,canary/wsc-b08efb14d63a9f17c55118fa.txt,local_runs/workspace_chat_rag_v2_canary/materialized_sources/wsc-b08efb14d63a9f17c55118fa.txt,2898,f2442100dcceddfc08b26133791c6205228948706a10b2d7677ac177279c2924
wsc-b124bf7cf16c2ffe0bd1518a,canary/wsc-b124bf7cf16c2ffe0bd1518a.txt,local_runs/workspace_chat_rag_v2_canary/materialized_sources/wsc-b124bf7cf16c2ffe0bd1518a.txt,1243,ddf96ae6236d750fffb07b9996dc4bab08e3de1517f6476098e4f2f6c6016c3f
wsc-b1c531995a5eea7d42a66a3e,canary/wsc-b1c531995a5eea7d42a66a3e.txt,local_runs/workspace_chat_rag_v2_canary/materialized_sources/wsc-b1c531995a5eea7d42a66a3e.txt,82619,399a647a734ea1ac57e7967f8c195046be27adea230d711b3d39d341a3ab3221
wsc-b204340ee659900704027697,canary/wsc-b204340ee659900704027697.txt,local_runs/workspace_chat_rag_v2_canary/materialized_sources/wsc-b204340ee659900704027697.txt,1145,89c2518ff49d7abdb86c09e04babd5eaf602ff35c8dcff40cef8673ca0ea7aa4
wsc-b2a1ab94a524417179cd144e,canary/wsc-b2a1ab94a524417179cd144e.txt,local_runs/workspace_chat_rag_v2_canary/materialized_sources/wsc-b2a1ab94a524417179cd144e.txt,2900,1851f6658347663da60bec760887b91ae9973e7a38018c0730c6e1e4e609a059
wsc-b2e22ec6dba6c50078d14b2a,canary/wsc-b2e22ec6dba6c50078d14b2a.txt,local_runs/workspace_chat_rag_v2_canary/materialized_sources/wsc-b2e22ec6dba6c50078d14b2a.txt,1837,244adac1bbfab0f053f5cb4adcd4eaa6e7df66948858034b20687bf31c40e4f5
wsc-b3d09ea354571834d5fe2dc1,canary/wsc-b3d09ea354571834d5fe2dc1.txt,local_runs/workspace_chat_rag_v2_canary/materialized_sources/wsc-b3d09ea354571834d5fe2dc1.txt,2796,397baecf72174834c7731956d2f1d64bcb01d9293db7da04f74a23b3fcac74e9
wsc-b422a5dfbfa005d4e4832e5c,canary/wsc-b422a5dfbfa005d4e4832e5c.txt,local_runs/workspace_chat_rag_v2_canary/materialized_sources/wsc-b422a5dfbfa005d4e4832e5c.txt,52482,3d54c572fb83294658bbaf885511161b1ffbdf3bb204c4a62e9060ab7c7ca665
wsc-b4cc75ecac2b2dcd7e2471c7,canary/wsc-b4cc75ecac2b2dcd7e2471c7.txt,local_runs/workspace_chat_rag_v2_canary/materialized_sources/wsc-b4cc75ecac2b2dcd7e2471c7.txt,1608,91e2160748ef5b1bb70042622e40a1009b54d32d0f5b769813ed7eb1c0e85fb9
wsc-b67a8ee411273ba936aa6e3c,canary/wsc-b67a8ee411273ba936aa6e3c.txt,local_runs/workspace_chat_rag_v2_canary/materialized_sources/wsc-b67a8ee411273ba936aa6e3c.txt,1293,d5ba66bc40623241fa358f06c519181d86d717bf71f057065793683d21263b51
wsc-b73034ba9fc77183e1e0a3de,canary/wsc-b73034ba9fc77183e1e0a3de.txt,local_runs/workspace_chat_rag_v2_canary/materialized_sources/wsc-b73034ba9fc77183e1e0a3de.txt,6798,74f5ebd3f96041eb2edf98a84242fe1ba7912884c5ef607687572bc1558f1ac6
wsc-b7952d78731793540a69dcc2,canary/wsc-b7952d78731793540a69dcc2.txt,local_runs/workspace_chat_rag_v2_canary/materialized_sources/wsc-b7952d78731793540a69dcc2.txt,1579,7bc6f5a475e0f5a281ecba02effb3c36d574d31b7ca2495e48f626c36a751e28
wsc-b9a7cdf1be485464c426c840,canary/wsc-b9a7cdf1be485464c426c840.txt,local_runs/workspace_chat_rag_v2_canary/materialized_sources/wsc-b9a7cdf1be485464c426c840.txt,10178,9b3618b9efe8e1ccd6531e2dcca4e6288db6389ad499da4a94de2b67cd2fbf7b
wsc-ba1a2263c71d445eddea1776,canary/wsc-ba1a2263c71d445eddea1776.txt,local_runs/workspace_chat_rag_v2_canary/materialized_sources/wsc-ba1a2263c71d445eddea1776.txt,2191,5373ebab5e5f5afa33096ee7fbc443dd73bff1b415456d8641b856bf3bc3d7e5
wsc-ba94accaf1209d4ef686dd8e,canary/wsc-ba94accaf1209d4ef686dd8e.txt,local_runs/workspace_chat_rag_v2_canary/materialized_sources/wsc-ba94accaf1209d4ef686dd8e.txt,2649,8b0598577be3ab6f5dbe0c7eac58397dfb4a29d7afbdbf6d341e7815d9b3036e
wsc-bb2f50ae6ea94abda3ff5b89,canary/wsc-bb2f50ae6ea94abda3ff5b89.txt,local_runs/workspace_chat_rag_v2_canary/materialized_sources/wsc-bb2f50ae6ea94abda3ff5b89.txt,1157,7ef4ecb52110f1b4756b951874dedf5b7acdc9a3ea71f13876cfce08cbc7e6bc
wsc-bc1d92dd29eb4dce0d0fc742,canary/wsc-bc1d92dd29eb4dce0d0fc742.txt,local_runs/workspace_chat_rag_v2_canary/materialized_sources/wsc-bc1d92dd29eb4dce0d0fc742.txt,2654,38ce6efa1a12bf81a7ded018ad2deafccabab41d8b3f8660fb1def085488e48a
wsc-bcda9f863324d162d1ef4917,canary/wsc-bcda9f863324d162d1ef4917.txt,local_runs/workspace_chat_rag_v2_canary/materialized_sources/wsc-bcda9f863324d162d1ef4917.txt,2922,5255780b4baeb9d792e7942c14cf674476508f2e21ce0e8ff7b6a69d1577ccc7
wsc-bd169223852e951cbdb30f5f,canary/wsc-bd169223852e951cbdb30f5f.txt,local_runs/workspace_chat_rag_v2_canary/materialized_sources/wsc-bd169223852e951cbdb30f5f.txt,1193,93b8f4f1c18c04b29bc89be57f869039546ed0faf5d6b6bf765d0c1b9912745d
wsc-bd829b64ef52a3d76ff1747c,canary/wsc-bd829b64ef52a3d76ff1747c.txt,local_runs/workspace_chat_rag_v2_canary/materialized_sources/wsc-bd829b64ef52a3d76ff1747c.txt,16261,b09ee36fce64b8d3b50e99f3d65ec133ee9773ab51fca9eb14d71992fecdaa94
wsc-be3445add4596246bda91ef8,canary/wsc-be3445add4596246bda91ef8.txt,local_runs/workspace_chat_rag_v2_canary/materialized_sources/wsc-be3445add4596246bda91ef8.txt,3580,39c463f87e514fa5d3aa0ac1eaee84ef50ef77def1b814f2de5d9955815768c1
wsc-be7eeb5b5d407ea971154543,canary/wsc-be7eeb5b5d407ea971154543.txt,local_runs/workspace_chat_rag_v2_canary/materialized_sources/wsc-be7eeb5b5d407ea971154543.txt,1967,ac25280205903a02b70716437283be169a9357a225c3a61c0988def16d846503
wsc-c0254596778177ec957c5b6f,canary/wsc-c0254596778177ec957c5b6f.txt,local_runs/workspace_chat_rag_v2_canary/materialized_sources/wsc-c0254596778177ec957c5b6f.txt,2755,898f6fdb950a5ee899ddd019c983a784a750f1d7ee0b9857e56515adaec77d4a
wsc-c043520b00c14db807ffc0a1,canary/wsc-c043520b00c14db807ffc0a1.txt,local_runs/workspace_chat_rag_v2_canary/materialized_sources/wsc-c043520b00c14db807ffc0a1.txt,4170,94b318c89ea5ef118e5eb28550d67ae786165108fbf9759f9dd5febab9695363
wsc-c0e9b002e02fe7365b8054d0,canary/wsc-c0e9b002e02fe7365b8054d0.txt,local_runs/workspace_chat_rag_v2_canary/materialized_sources/wsc-c0e9b002e02fe7365b8054d0.txt,1348,114c908cb95461173300957cb59241d06c8a3ec873d5bc49c535db735d34a1a0
wsc-c18dcc9ac98cfd1c61aeb358,canary/wsc-c18dcc9ac98cfd1c61aeb358.txt,local_runs/workspace_chat_rag_v2_canary/materialized_sources/wsc-c18dcc9ac98cfd1c61aeb358.txt,95647,bdffc3f3f7119c48cada3a999d5844e343370c905c506dade3ed2268282c3990
wsc-c1d4953ed00e0fa2c46d4abf,canary/wsc-c1d4953ed00e0fa2c46d4abf.txt,local_runs/workspace_chat_rag_v2_canary/materialized_sources/wsc-c1d4953ed00e0fa2c46d4abf.txt,2514,d67510ab08f7da59b7a7193f793d932292dad981294ae9fa880cfae58edac9f5
wsc-c2719d3da28bcf84b92af45c,canary/wsc-c2719d3da28bcf84b92af45c.txt,local_runs/workspace_chat_rag_v2_canary/materialized_sources/wsc-c2719d3da28bcf84b92af45c.txt,8237,16c02fa349675b2d06f314dfa504d1fb2969d0d84a4f5a702b6d797ec3e0ac16
wsc-c2cb0f8f952f4777a2d305d7,canary/wsc-c2cb0f8f952f4777a2d305d7.txt,local_runs/workspace_chat_rag_v2_canary/materialized_sources/wsc-c2cb0f8f952f4777a2d305d7.txt,1348,cd0c670d94efb2beabd18b038e977b159d55e47810f0293a4bdbcad6b434b53f
wsc-c30c3e4f14dea65ed0d89754,canary/wsc-c30c3e4f14dea65ed0d89754.txt,local_runs/workspace_chat_rag_v2_canary/materialized_sources/wsc-c30c3e4f14dea65ed0d89754.txt,35378,529e3426951e552fde6f1858a5d66b4ff6142e2a8ef3947a1264a99341a58d33
wsc-c377fa58f234749851bf88d0,canary/wsc-c377fa58f234749851bf88d0.txt,local_runs/workspace_chat_rag_v2_canary/materialized_sources/wsc-c377fa58f234749851bf88d0.txt,2856,795b3fe0c7c989b3c98b0db4579381148c2dd3a7c1b83095e7d7908fd5437e80
wsc-c3ac0ce863b5204e2dd16151,canary/wsc-c3ac0ce863b5204e2dd16151.txt,local_runs/workspace_chat_rag_v2_canary/materialized_sources/wsc-c3ac0ce863b5204e2dd16151.txt,1023,07b68bdd07cf466885f5c25d7656fe06c6aa74eb0c3a5056c29ee0fcf1b3e0a5
wsc-c3e7ff49251ad8ff24cf613e,canary/wsc-c3e7ff49251ad8ff24cf613e.txt,local_runs/workspace_chat_rag_v2_canary/materialized_sources/wsc-c3e7ff49251ad8ff24cf613e.txt,1877,de8ba81dad0fe6a845fcd1cd5ba12ddf327f11599f92cabff6cd3b36acf4ca23
wsc-c4470e2a1b0f67333f6075c4,canary/wsc-c4470e2a1b0f67333f6075c4.txt,local_runs/workspace_chat_rag_v2_canary/materialized_sources/wsc-c4470e2a1b0f67333f6075c4.txt,1533,314cd0161280c6cec339b0ba2bfa6f7f7c636bef00607be43fb27b970faed5ac
wsc-c5654c099fc04e2360e630e7,canary/wsc-c5654c099fc04e2360e630e7.txt,local_runs/workspace_chat_rag_v2_canary/materialized_sources/wsc-c5654c099fc04e2360e630e7.txt,2503,3ac89c952252a106a0585b68f3a94933048ce08c0dcc9005b7e126be0ed9ade2
wsc-c601aaa050ebde0946ac6e41,canary/wsc-c601aaa050ebde0946ac6e41.txt,local_runs/workspace_chat_rag_v2_canary/materialized_sources/wsc-c601aaa050ebde0946ac6e41.txt,4003,a30bd78f54ce818b16ae77e286559f94be0e7fa92853ad3915c1499053f1b009
wsc-c634eaf0e81bafad4a4b7f51,canary/wsc-c634eaf0e81bafad4a4b7f51.txt,local_runs/workspace_chat_rag_v2_canary/materialized_sources/wsc-c634eaf0e81bafad4a4b7f51.txt,3178,35489f9a84408e9f8325271102f1d78ddc1d4aa233cafd757832700fcd06355a
wsc-c648d96d66a2ff7a796ed10b,canary/wsc-c648d96d66a2ff7a796ed10b.txt,local_runs/workspace_chat_rag_v2_canary/materialized_sources/wsc-c648d96d66a2ff7a796ed10b.txt,1234,96a135a1d030da4aaf5fd428c17fcabd1032a3f03a0bb045ec92c31bbc89fe90
wsc-c740667cfb878ee6c842b4a7,canary/wsc-c740667cfb878ee6c842b4a7.txt,local_runs/workspace_chat_rag_v2_canary/materialized_sources/wsc-c740667cfb878ee6c842b4a7.txt,2919,b2d1878fc4b454c85f43605765ba12d873cf83226284b6b9e1f417cb85b799ea
wsc-c78a13819fa1ce6002437de7,canary/wsc-c78a13819fa1ce6002437de7.txt,local_runs/workspace_chat_rag_v2_canary/materialized_sources/wsc-c78a13819fa1ce6002437de7.txt,2666,1f3002d870694c58477b3671012376765b4d0e8f285d7cff3a9696aae0b7d10e
wsc-c796749fb56c6558d4a3006f,canary/wsc-c796749fb56c6558d4a3006f.txt,local_runs/workspace_chat_rag_v2_canary/materialized_sources/wsc-c796749fb56c6558d4a3006f.txt,48190,fe960e7dfb173b96bd9b81875ac757764cc7fa25129a617ff47770dd35ebe8e6
wsc-c7af7d1a39f4e37f2174a4bf,canary/wsc-c7af7d1a39f4e37f2174a4bf.txt,local_runs/workspace_chat_rag_v2_canary/materialized_sources/wsc-c7af7d1a39f4e37f2174a4bf.txt,1149,7b602179d9b028cf6825565ecf9932d5a06591f6a0248401018f1532a1cba52f
wsc-c7f5f0737a41a7f8d1e8f734,canary/wsc-c7f5f0737a41a7f8d1e8f734.txt,local_runs/workspace_chat_rag_v2_canary/materialized_sources/wsc-c7f5f0737a41a7f8d1e8f734.txt,2475,fb8308a3f5a8289e89d87b8bcda6837987635fb58c125daef92bcb583beb3828
wsc-c86111fa5390875aaa5fefb4,canary/wsc-c86111fa5390875aaa5fefb4.txt,local_runs/workspace_chat_rag_v2_canary/materialized_sources/wsc-c86111fa5390875aaa5fefb4.txt,4911,e3501f78a426a4037d6e564c02865fb3e17e140d3fae6b07705fe8d45b5ec78b
wsc-c8cd3fc7721deb12af92b5bd,canary/wsc-c8cd3fc7721deb12af92b5bd.txt,local_runs/workspace_chat_rag_v2_canary/materialized_sources/wsc-c8cd3fc7721deb12af92b5bd.txt,2847,48e161a93b93483fbf3b6c208666acc345a39467c4ab371410b188344e4de43a
wsc-c903cdc836408d749261e9a1,canary/wsc-c903cdc836408d749261e9a1.txt,local_runs/workspace_chat_rag_v2_canary/materialized_sources/wsc-c903cdc836408d749261e9a1.txt,2911,0053934d8588483cd6918f18a1d46ff0a216b5388eb85baba24d683152c1ed00
wsc-c961124d57a87b233f3391f7,canary/wsc-c961124d57a87b233f3391f7.txt,local_runs/workspace_chat_rag_v2_canary/materialized_sources/wsc-c961124d57a87b233f3391f7.txt,1200,b6f92c29c9f8f72963ce45d0cd1ce50576efed08586e1dff5080f037b6002005
wsc-c9d0a14c3c7adb78ffe5c785,canary/wsc-c9d0a14c3c7adb78ffe5c785.txt,local_runs/workspace_chat_rag_v2_canary/materialized_sources/wsc-c9d0a14c3c7adb78ffe5c785.txt,1578,a8dc691216cff4f47b3b0fc6fa952dbcc7affc345dd3b2c78c5b8b45b8e2e09c
wsc-c9dca0889867430a81dd73f4,canary/wsc-c9dca0889867430a81dd73f4.txt,local_runs/workspace_chat_rag_v2_canary/materialized_sources/wsc-c9dca0889867430a81dd73f4.txt,11460,959eb096906d1ece255121b9b573ea9e5183c17d1fc6f77fd7d67828067d9848
wsc-cc13a93c2c2cd621a8487e05,canary/wsc-cc13a93c2c2cd621a8487e05.txt,local_runs/workspace_chat_rag_v2_canary/materialized_sources/wsc-cc13a93c2c2cd621a8487e05.txt,3841,ea074468464a89a0a63c7ce36b5f4449e3b00c5c9b13b64d75b045babde48638
wsc-cc8f350176281fb128c76910,canary/wsc-cc8f350176281fb128c76910.txt,local_runs/workspace_chat_rag_v2_canary/materialized_sources/wsc-cc8f350176281fb128c76910.txt,1397,8dac787a8727fdb13468eaf5bc7f10b6e284e2bd5440a56f198bce0699b3b393
wsc-ce0597d94b5fa4ef43b550e2,canary/wsc-ce0597d94b5fa4ef43b550e2.txt,local_runs/workspace_chat_rag_v2_canary/materialized_sources/wsc-ce0597d94b5fa4ef43b550e2.txt,3333,516ec3c3d6f2d601cc43fb03b924dc8cedf96b763071b496e961774d66035c65
wsc-ce948fa79f1da30cb6dbba00,canary/wsc-ce948fa79f1da30cb6dbba00.txt,local_runs/workspace_chat_rag_v2_canary/materialized_sources/wsc-ce948fa79f1da30cb6dbba00.txt,1731,2943d3fdd1da82f279ce0a0e96b361225290b9918bc25104c015edbd8a791693
wsc-cf4294695747f2afb93f33d2,canary/wsc-cf4294695747f2afb93f33d2.txt,local_runs/workspace_chat_rag_v2_canary/materialized_sources/wsc-cf4294695747f2afb93f33d2.txt,2804,048364fd729000d46c7dc07625a0131ca6958a3893e691936f78a391be1c4f83
wsc-cf65eca7fae5dc7cabe71ec7,canary/wsc-cf65eca7fae5dc7cabe71ec7.txt,local_runs/workspace_chat_rag_v2_canary/materialized_sources/wsc-cf65eca7fae5dc7cabe71ec7.txt,1490,899e4ac13a5e80dff126a297693cb45bdef42b8beadc0ce4507af6ee3596c82a
wsc-cf73f1b9477ab2cf4349af0e,canary/wsc-cf73f1b9477ab2cf4349af0e.txt,local_runs/workspace_chat_rag_v2_canary/materialized_sources/wsc-cf73f1b9477ab2cf4349af0e.txt,2761,c3fa5f6c7842e26e539c6dc406d79ac26a3596b672838f113e84ec5930cb492e
wsc-cfa5c7450e44172eb98c0089,canary/wsc-cfa5c7450e44172eb98c0089.txt,local_runs/workspace_chat_rag_v2_canary/materialized_sources/wsc-cfa5c7450e44172eb98c0089.txt,2471,57bcd8542883241d7447fc7087c15863587a2ed3f72e3c3b9ffd4a49615bef8d
wsc-cfe180f30fae3c031ffd5951,canary/wsc-cfe180f30fae3c031ffd5951.txt,local_runs/workspace_chat_rag_v2_canary/materialized_sources/wsc-cfe180f30fae3c031ffd5951.txt,23544,5dce633ea9ab10c4c6b05597c86ef4faf5e9312cd488ec60fd51ba324b3c6569
wsc-d033c2b9d2357d76e850dc05,canary/wsc-d033c2b9d2357d76e850dc05.txt,local_runs/workspace_chat_rag_v2_canary/materialized_sources/wsc-d033c2b9d2357d76e850dc05.txt,90551,1858ba10d1b1e35081e6ce2fa292772d5fc601047fa7d9e70b00bd7313db5a47
wsc-d06dec181562d253725080fd,canary/wsc-d06dec181562d253725080fd.txt,local_runs/workspace_chat_rag_v2_canary/materialized_sources/wsc-d06dec181562d253725080fd.txt,1162,74e6397e7522441f58424456bd898c884a79718a81f64af33259663cf2833baa
wsc-d1582dbca5c82c737612268e,canary/wsc-d1582dbca5c82c737612268e.txt,local_runs/workspace_chat_rag_v2_canary/materialized_sources/wsc-d1582dbca5c82c737612268e.txt,1281,717bc96d3fdfdc8c20b4993c209ca3a1334ed2ed74068d626a9ddf5b92739635
wsc-d1735009c665ba4d305ae6ed,canary/wsc-d1735009c665ba4d305ae6ed.txt,local_runs/workspace_chat_rag_v2_canary/materialized_sources/wsc-d1735009c665ba4d305ae6ed.txt,2126,83ce895d86599e959ec5c7db74fd063c34050369e6eba2b8d19aaa40f92d14c2
wsc-d17535366b5acd16c41ce29e,canary/wsc-d17535366b5acd16c41ce29e.txt,local_runs/workspace_chat_rag_v2_canary/materialized_sources/wsc-d17535366b5acd16c41ce29e.txt,1156,2cc99aefa377dda290638bcc14d7b58c9f1e32b97285a7f8a747a7df5c81b03e
wsc-d182d6a6892d8de0f50133b4,canary/wsc-d182d6a6892d8de0f50133b4.txt,local_runs/workspace_chat_rag_v2_canary/materialized_sources/wsc-d182d6a6892d8de0f50133b4.txt,1392,a8c2b1d721b42956366df8dca18dba91fa706ed5fd0c7a38f663f6e064c22661
wsc-d1a2c5999f4354c2d267aa08,canary/wsc-d1a2c5999f4354c2d267aa08.txt,local_runs/workspace_chat_rag_v2_canary/materialized_sources/wsc-d1a2c5999f4354c2d267aa08.txt,1241018,543c766751492239c51c2e1e54f10dfef2d37685c7c2fe321280c1cd765e2380
wsc-d1bbc4c4d0bf7ca8127a6634,canary/wsc-d1bbc4c4d0bf7ca8127a6634.txt,local_runs/workspace_chat_rag_v2_canary/materialized_sources/wsc-d1bbc4c4d0bf7ca8127a6634.txt,1715,a65f99b1ca4cfb398b444019243319137370d038e8143daad1083c50388ac238
wsc-d1c1b50a6c36e842a76867fd,canary/wsc-d1c1b50a6c36e842a76867fd.txt,local_runs/workspace_chat_rag_v2_canary/materialized_sources/wsc-d1c1b50a6c36e842a76867fd.txt,2670,404aab3bab18cc5d75df8a1fe5b14beb885f8ef0bf4f84bbf7ad00094a2ca383
wsc-d1ce78b7d1767f75dda42083,canary/wsc-d1ce78b7d1767f75dda42083.txt,local_runs/workspace_chat_rag_v2_canary/materialized_sources/wsc-d1ce78b7d1767f75dda42083.txt,2958,9486fa9d0e5613a586d754b8f37f0d75a91204325a7849f4c0a032d566ac26cd
wsc-d28ff291fef726c2171ff1d7,canary/wsc-d28ff291fef726c2171ff1d7.txt,local_runs/workspace_chat_rag_v2_canary/materialized_sources/wsc-d28ff291fef726c2171ff1d7.txt,942,a7c14ca8ba5e1da2983b681ca8adaa66e2c976a55a0f2e43882918ff3352bf9d
wsc-d2f571952e88b9b3305826e0,canary/wsc-d2f571952e88b9b3305826e0.txt,local_runs/workspace_chat_rag_v2_canary/materialized_sources/wsc-d2f571952e88b9b3305826e0.txt,4744,914086623256443818a9ded1237ec1446adbf4d444a18a4dfd14f9da8dba46d6
wsc-d3cde7ece9ec0806ecaa792f,canary/wsc-d3cde7ece9ec0806ecaa792f.txt,local_runs/workspace_chat_rag_v2_canary/materialized_sources/wsc-d3cde7ece9ec0806ecaa792f.txt,1259,57f314675b05f94cd7fc071a3fc364431b82c5e73cec9fe06e0b6f8ffceb6d2a
wsc-d3d42ae454d5dd661cdff4ea,canary/wsc-d3d42ae454d5dd661cdff4ea.txt,local_runs/workspace_chat_rag_v2_canary/materialized_sources/wsc-d3d42ae454d5dd661cdff4ea.txt,3147,8c7af532da559c1bed9b0ee02afdc92e50c9e9e6fbd06765e4de545bb3a5acd5
wsc-d4e602e22bf25b3afea16ae8,canary/wsc-d4e602e22bf25b3afea16ae8.txt,local_runs/workspace_chat_rag_v2_canary/materialized_sources/wsc-d4e602e22bf25b3afea16ae8.txt,1806,dda9246e1d5f6b60d19e409af4ac0a707050751cc541f421efe9ac2b99387178
wsc-d50142fd6818b4cdf2a1385a,canary/wsc-d50142fd6818b4cdf2a1385a.txt,local_runs/workspace_chat_rag_v2_canary/materialized_sources/wsc-d50142fd6818b4cdf2a1385a.txt,2746,6cb194f9aceed51789895291e70441abee3d6cc58324f12bbacdba48b2b5d517
wsc-d565ab5246d84ce1c0ede464,canary/wsc-d565ab5246d84ce1c0ede464.txt,local_runs/workspace_chat_rag_v2_canary/materialized_sources/wsc-d565ab5246d84ce1c0ede464.txt,2861,eca4ee186bae84a4e093672186339d0276b206b5e880a5321027f390d736079d
wsc-d590c4effcf23f50b86e25ee,canary/wsc-d590c4effcf23f50b86e25ee.txt,local_runs/workspace_chat_rag_v2_canary/materialized_sources/wsc-d590c4effcf23f50b86e25ee.txt,1482,85fb58dbee5b67691aa81e88821027c8815ec89872898de6484b279935aca91d
wsc-d677b1be8866b7495631a362,canary/wsc-d677b1be8866b7495631a362.txt,local_runs/workspace_chat_rag_v2_canary/materialized_sources/wsc-d677b1be8866b7495631a362.txt,18518,542ccd77ea663f128f2ce42f85201a1b521133c8ba3a81dbdadc23e0b889b9cd
wsc-d85a82ca311641d56ef9c06b,canary/wsc-d85a82ca311641d56ef9c06b.txt,local_runs/workspace_chat_rag_v2_canary/materialized_sources/wsc-d85a82ca311641d56ef9c06b.txt,4962,0573401674ddaaec8c037c7b227f80ad08db3d56d89ace21edd572b6818c8f0f
wsc-d90f8acf1edfbd5f21ef80a4,canary/wsc-d90f8acf1edfbd5f21ef80a4.txt,local_runs/workspace_chat_rag_v2_canary/materialized_sources/wsc-d90f8acf1edfbd5f21ef80a4.txt,4226,5aafd035b595f0a4596b01ff32193421d25d5f6359bf1dfd757fd20b976294ee
wsc-d9e35041318fcc6ae5050630,canary/wsc-d9e35041318fcc6ae5050630.txt,local_runs/workspace_chat_rag_v2_canary/materialized_sources/wsc-d9e35041318fcc6ae5050630.txt,19029,9fb4b73b3991b7bf3df38cb8d650172a655c2313d3bb0555ea0f598b98fab29b
wsc-da34025c9863368d6d45baed,canary/wsc-da34025c9863368d6d45baed.txt,local_runs/workspace_chat_rag_v2_canary/materialized_sources/wsc-da34025c9863368d6d45baed.txt,3997,bae85dd6d1ebc58c3a0040769c8a3917ebf9ec7a80b76ee242c70b9ecb1c4bb6
wsc-da631a8393f534bcdbe55677,canary/wsc-da631a8393f534bcdbe55677.txt,local_runs/workspace_chat_rag_v2_canary/materialized_sources/wsc-da631a8393f534bcdbe55677.txt,4848,06e605f5ea175cdb020e90f941aef65ee98ce51f8237ddc417c929e7464d31f2
wsc-da9dd616e97a5ad5eb253315,canary/wsc-da9dd616e97a5ad5eb253315.txt,local_runs/workspace_chat_rag_v2_canary/materialized_sources/wsc-da9dd616e97a5ad5eb253315.txt,2686,aa63bb06801c73e73ec181b1f038c1b48d7abe5e2aaef75cfa5ae471978a5945
wsc-db175ac176b1f61b1d7366bc,canary/wsc-db175ac176b1f61b1d7366bc.txt,local_runs/workspace_chat_rag_v2_canary/materialized_sources/wsc-db175ac176b1f61b1d7366bc.txt,66274,8de49bc0d8b9977abbc6b7ad9feef70fa3a770db69709a4617639cd5cc81a1e1
wsc-db399570b90a8f853af0877e,canary/wsc-db399570b90a8f853af0877e.txt,local_runs/workspace_chat_rag_v2_canary/materialized_sources/wsc-db399570b90a8f853af0877e.txt,2222,f958825bc1e83301157e6f674df2a6d7fcb6431b27d3dc71993434f6b12548c5
wsc-dd3714ace41938b744ebc0cd,canary/wsc-dd3714ace41938b744ebc0cd.txt,local_runs/workspace_chat_rag_v2_canary/materialized_sources/wsc-dd3714ace41938b744ebc0cd.txt,2030,2524a3cf0324ac91ae1ebffd50b8b620abfd1bdecb49c3ea99afafe772089189
wsc-dfc14e4889788f9139db7454,canary/wsc-dfc14e4889788f9139db7454.txt,local_runs/workspace_chat_rag_v2_canary/materialized_sources/wsc-dfc14e4889788f9139db7454.txt,1597,0ea8be6842e0f6c31bfa425d9c9cbf53435f8bbcb90085856ec9a1aec36af9b6
wsc-e0138cd831766c178190b731,canary/wsc-e0138cd831766c178190b731.txt,local_runs/workspace_chat_rag_v2_canary/materialized_sources/wsc-e0138cd831766c178190b731.txt,33990,a62701c48015060d01295a4883b966ad7ed359bfeb61991386ed91312ecbf9df
wsc-e151054c1fae2e470e72c555,canary/wsc-e151054c1fae2e470e72c555.txt,local_runs/workspace_chat_rag_v2_canary/materialized_sources/wsc-e151054c1fae2e470e72c555.txt,2895,d528e95f031e5c1cbe1770c6c48ce4b6a6e83ba466eacf94c58fda01b72c4fb9
wsc-e1833b154abdca909a95f861,canary/wsc-e1833b154abdca909a95f861.txt,local_runs/workspace_chat_rag_v2_canary/materialized_sources/wsc-e1833b154abdca909a95f861.txt,5008,96292a5a3ec9fd1bcef9c6ec0ab06af14ddf9f32d84884ce7ef402d5c9421513
wsc-e297dfbd7aacd9a2a0655bb3,canary/wsc-e297dfbd7aacd9a2a0655bb3.txt,local_runs/workspace_chat_rag_v2_canary/materialized_sources/wsc-e297dfbd7aacd9a2a0655bb3.txt,4752,603c2c76285cbe64a6612884b3b5a90595dfc10712e6004c8f27f2fd5f63f757
wsc-e346058a36bcea7a8af4bf3f,canary/wsc-e346058a36bcea7a8af4bf3f.txt,local_runs/workspace_chat_rag_v2_canary/materialized_sources/wsc-e346058a36bcea7a8af4bf3f.txt,2647,250df658021c8a634de1f20e50d656ecfff0c4fa47222affc7382b40458b7b41
wsc-e3d09874a88fa3343bf97a34,canary/wsc-e3d09874a88fa3343bf97a34.txt,local_runs/workspace_chat_rag_v2_canary/materialized_sources/wsc-e3d09874a88fa3343bf97a34.txt,1276,6dd5bdd752e102789b0c11aaf2b4c2e1c19f495b102fbe20e2e4cef82e3b137a
wsc-e47a9785d34d9cc99257909b,canary/wsc-e47a9785d34d9cc99257909b.txt,local_runs/workspace_chat_rag_v2_canary/materialized_sources/wsc-e47a9785d34d9cc99257909b.txt,1351,28d245bce13e55c2d5f74849b75412b59a18ab4eb4e76c4040ff749636d3a81c
wsc-e49f4e80655a7fcecf48ea70,canary/wsc-e49f4e80655a7fcecf48ea70.txt,local_runs/workspace_chat_rag_v2_canary/materialized_sources/wsc-e49f4e80655a7fcecf48ea70.txt,13371,3582e2c4445bc7dd8b7ad5415cda7f5a989b7b87356d26045d344caaa56ef6a2
wsc-e55ea3b2d44563c8ace198d5,canary/wsc-e55ea3b2d44563c8ace198d5.txt,local_runs/workspace_chat_rag_v2_canary/materialized_sources/wsc-e55ea3b2d44563c8ace198d5.txt,3464,66b0da7d8f4b3a675a3c4cf3c0a670f978d7eccbf70831c641976cd37c5eeb89
wsc-e5fe0eb9570af0dabd30002c,canary/wsc-e5fe0eb9570af0dabd30002c.txt,local_runs/workspace_chat_rag_v2_canary/materialized_sources/wsc-e5fe0eb9570af0dabd30002c.txt,9178,05e64997b8a944970304d9a6c3c82c3d20e88816cbb899eabddc1078517103ab
wsc-e640f1cc1e6255147c30d453,canary/wsc-e640f1cc1e6255147c30d453.txt,local_runs/workspace_chat_rag_v2_canary/materialized_sources/wsc-e640f1cc1e6255147c30d453.txt,1285,69ec2ebd8912c702f24a2707764b3d78981494bb9b7099f8db67e41a1e6e903f
wsc-e69f79d12e423dc6c63fe5e3,canary/wsc-e69f79d12e423dc6c63fe5e3.txt,local_runs/workspace_chat_rag_v2_canary/materialized_sources/wsc-e69f79d12e423dc6c63fe5e3.txt,3773,60c292249f093b4bc161c086a6e11e5a407ed34611483e4b44c965829de973f7
wsc-e70a9d9d9cd0f3ec6b13de4c,canary/wsc-e70a9d9d9cd0f3ec6b13de4c.txt,local_runs/workspace_chat_rag_v2_canary/materialized_sources/wsc-e70a9d9d9cd0f3ec6b13de4c.txt,2474,50928f829aadbf27d726a3a142ea5b75864d89cf3306f44222312062e261e71e
wsc-e7574eba54d8d6aac11fe8cd,canary/wsc-e7574eba54d8d6aac11fe8cd.txt,local_runs/workspace_chat_rag_v2_canary/materialized_sources/wsc-e7574eba54d8d6aac11fe8cd.txt,2377,71021b7171d9e942ee5caa78ce68b3c436f240e3585fdcb2087632710986a24a
wsc-e7c9953864b318aa411f3093,canary/wsc-e7c9953864b318aa411f3093.txt,local_runs/workspace_chat_rag_v2_canary/materialized_sources/wsc-e7c9953864b318aa411f3093.txt,8535,8232dc1ddf77abaa206fb79ea9355f04bcda218dbb4e36687480a4675199fbf0
wsc-e94e601e208e77de3727b087,canary/wsc-e94e601e208e77de3727b087.txt,local_runs/workspace_chat_rag_v2_canary/materialized_sources/wsc-e94e601e208e77de3727b087.txt,1176,130f62d75d0c4916b754c40b8001d040cfd6674747ee2ea119092c1b834fcf0d
wsc-e999c95b2f827de86831dc08,canary/wsc-e999c95b2f827de86831dc08.txt,local_runs/workspace_chat_rag_v2_canary/materialized_sources/wsc-e999c95b2f827de86831dc08.txt,3135,d280656623a1b7b6a94fddace442dde097fc6f32c2b5043595bf2c59eb495bab
wsc-e9b323093b10035c196b4a1e,canary/wsc-e9b323093b10035c196b4a1e.txt,local_runs/workspace_chat_rag_v2_canary/materialized_sources/wsc-e9b323093b10035c196b4a1e.txt,2809,f0e6b6adb3da261d0119ab00e50c0b76d5073d834a0640c1cd5a21b0a6524c37
wsc-eb785f3f137c2b729eea6ee6,canary/wsc-eb785f3f137c2b729eea6ee6.txt,local_runs/workspace_chat_rag_v2_canary/materialized_sources/wsc-eb785f3f137c2b729eea6ee6.txt,2794,a141cd0eae5f386b9be69c3cae4554972abf5cdffdc777cee9b7a00e851b3080
wsc-eb7f9433ad175bba49c71f1a,canary/wsc-eb7f9433ad175bba49c71f1a.txt,local_runs/workspace_chat_rag_v2_canary/materialized_sources/wsc-eb7f9433ad175bba49c71f1a.txt,1901,f95fe8a35f0550dc6e0119e367b8b0092b546248cbe436e50488dfff4c390b90
wsc-ec0ae55d30cd38c6a4863bd7,canary/wsc-ec0ae55d30cd38c6a4863bd7.txt,local_runs/workspace_chat_rag_v2_canary/materialized_sources/wsc-ec0ae55d30cd38c6a4863bd7.txt,1509,88d7752a9503bd7fb4404dc63ee83e97bb50c06b70251a96d038513277a9a7ad
wsc-ec39b96aabbce0fb40ffa4bc,canary/wsc-ec39b96aabbce0fb40ffa4bc.txt,local_runs/workspace_chat_rag_v2_canary/materialized_sources/wsc-ec39b96aabbce0fb40ffa4bc.txt,1561,aed2e44446351773232ea0086afd4457a0cfb7c55b87defc8a3298625e64e8c7
wsc-ed1822032c9d2130ba32376c,canary/wsc-ed1822032c9d2130ba32376c.txt,local_runs/workspace_chat_rag_v2_canary/materialized_sources/wsc-ed1822032c9d2130ba32376c.txt,1522,10a776d1cb3af21537030d40502d019d5bf44c7f254f21afe48d5bc8df755f57
wsc-ed233e0c4a1b644c207b58a5,canary/wsc-ed233e0c4a1b644c207b58a5.txt,local_runs/workspace_chat_rag_v2_canary/materialized_sources/wsc-ed233e0c4a1b644c207b58a5.txt,82493,5b6be3a932f4609d30b8a1d1be75cb8faca306e3dbbfb38ca49f15088b09dc39
wsc-ed68732921223c2e64eb1304,canary/wsc-ed68732921223c2e64eb1304.txt,local_runs/workspace_chat_rag_v2_canary/materialized_sources/wsc-ed68732921223c2e64eb1304.txt,5417,f219965976ec394820c8971951f60f2044c87a3efd7c2730a33229fe59bfa310
wsc-edb642314890bccb9fbd61c9,canary/wsc-edb642314890bccb9fbd61c9.txt,local_runs/workspace_chat_rag_v2_canary/materialized_sources/wsc-edb642314890bccb9fbd61c9.txt,4039,e1214638ca1b91b3e9775e0b1a0233c04149957d6829c903bc3dae5bae60d28f
wsc-edf9817dd705508ae5986f4e,canary/wsc-edf9817dd705508ae5986f4e.txt,local_runs/workspace_chat_rag_v2_canary/materialized_sources/wsc-edf9817dd705508ae5986f4e.txt,24769,b20333d899ec37f282cbef1da2252013d39409eab2e8889098475fc382ddc708
wsc-ee7417459272df6b0beaba3c,canary/wsc-ee7417459272df6b0beaba3c.txt,local_runs/workspace_chat_rag_v2_canary/materialized_sources/wsc-ee7417459272df6b0beaba3c.txt,2783,540ea545567163891f6140ad2a5bb61dd0d93712b355f86ecf440b03714801f1
wsc-eea9d787f58cff7b019cf4ac,canary/wsc-eea9d787f58cff7b019cf4ac.txt,local_runs/workspace_chat_rag_v2_canary/materialized_sources/wsc-eea9d787f58cff7b019cf4ac.txt,1884,1aa4b4d6bbda9d9d3e01afdd5c3d6e3c23a19b01442d1e99790526954e6144fa
wsc-eed4d7d849c2fa03813a4c78,canary/wsc-eed4d7d849c2fa03813a4c78.txt,local_runs/workspace_chat_rag_v2_canary/materialized_sources/wsc-eed4d7d849c2fa03813a4c78.txt,1114,c480fc4da75d797dbc473efcf2e6464d65d64fe3482e4a4db04a930305cc3fa9
wsc-eee84fc769be032b59c91f88,canary/wsc-eee84fc769be032b59c91f88.txt,local_runs/workspace_chat_rag_v2_canary/materialized_sources/wsc-eee84fc769be032b59c91f88.txt,42853,491b0be3521cbc8141a3c32b68785c03f160e01df95932d06238105ae35a2b78
wsc-eefe38a9278f1a43fbe04e07,canary/wsc-eefe38a9278f1a43fbe04e07.txt,local_runs/workspace_chat_rag_v2_canary/materialized_sources/wsc-eefe38a9278f1a43fbe04e07.txt,1774,50491e101d711208f0207b2ffd77b2cedcc104716d4f24e90bc6d4bdc7d37b6e
wsc-ef2a484ca7dce3af9666b643,canary/wsc-ef2a484ca7dce3af9666b643.txt,local_runs/workspace_chat_rag_v2_canary/materialized_sources/wsc-ef2a484ca7dce3af9666b643.txt,4767,8a0c6e487e7629d566317e783f3ed2a3ca7aaa47cf1aefd6abe0a074c91d209a
wsc-efaad6f86415572c03c67b9a,canary/wsc-efaad6f86415572c03c67b9a.txt,local_runs/workspace_chat_rag_v2_canary/materialized_sources/wsc-efaad6f86415572c03c67b9a.txt,2928,384ae7de37287522e8f587d34416d881f47b3a3e2b9595b1c1b663bb65b6385f
wsc-f0301a7b95e757da242e62cc,canary/wsc-f0301a7b95e757da242e62cc.txt,local_runs/workspace_chat_rag_v2_canary/materialized_sources/wsc-f0301a7b95e757da242e62cc.txt,29550,927fff071fe9ef506a1db78954615ba4447d8b18350bed3e5f5efd6947b77ffc
wsc-f03cc5ffa6b46fb4b5e3572c,canary/wsc-f03cc5ffa6b46fb4b5e3572c.txt,local_runs/workspace_chat_rag_v2_canary/materialized_sources/wsc-f03cc5ffa6b46fb4b5e3572c.txt,1498,aef7dc0af205aef64876312234f85f8cf315212592719c2a2007113fab219f7f
wsc-f1500d9f841de301382fef0a,canary/wsc-f1500d9f841de301382fef0a.txt,local_runs/workspace_chat_rag_v2_canary/materialized_sources/wsc-f1500d9f841de301382fef0a.txt,1389,df9c581bd93e7887f897c16689a4800c4b497d98c6a13fb7b4399fce78112891
wsc-f165c842e6ea20b0ebdb4ab5,canary/wsc-f165c842e6ea20b0ebdb4ab5.txt,local_runs/workspace_chat_rag_v2_canary/materialized_sources/wsc-f165c842e6ea20b0ebdb4ab5.txt,66312,33b53624c3fbd813e5ba09b929e0fdf6d4a6dcd8241841ab0ec099469cb95421
wsc-f3f710aba8cf2bba652dcdd2,canary/wsc-f3f710aba8cf2bba652dcdd2.txt,local_runs/workspace_chat_rag_v2_canary/materialized_sources/wsc-f3f710aba8cf2bba652dcdd2.txt,12069,afe735aa9344dd9b031a43acbde47a272db195bbacc3352dd33ad30bb1ed6c45
wsc-f42456150599cfd058554c3e,canary/wsc-f42456150599cfd058554c3e.txt,local_runs/workspace_chat_rag_v2_canary/materialized_sources/wsc-f42456150599cfd058554c3e.txt,2741,391a9a7f1fdd649e16f3687761d58f8d9104da40cf2a3cf1f257025b11973da8
wsc-f4560f43f2f522ffe7ca9aea,canary/wsc-f4560f43f2f522ffe7ca9aea.txt,local_runs/workspace_chat_rag_v2_canary/materialized_sources/wsc-f4560f43f2f522ffe7ca9aea.txt,1467,e47961d8215a35c02b8a718400bbac970a00dd80fbb3cd44ea42bb8f44c225b4
wsc-f50f5a0150d8d0e79143ad48,canary/wsc-f50f5a0150d8d0e79143ad48.txt,local_runs/workspace_chat_rag_v2_canary/materialized_sources/wsc-f50f5a0150d8d0e79143ad48.txt,4962,6d496bc3416ccd17aca680bda58bca3a4f32146fb3df9e4b851e1c74cd12156d
wsc-f5d26558502f914517c0be8c,canary/wsc-f5d26558502f914517c0be8c.txt,local_runs/workspace_chat_rag_v2_canary/materialized_sources/wsc-f5d26558502f914517c0be8c.txt,1374,fdba146bc788540aad2eaaac478bfcca462b18a493b32a7e3bff0de4b8a0c721
wsc-f6a1aa5acceaba157c23a459,canary/wsc-f6a1aa5acceaba157c23a459.txt,local_runs/workspace_chat_rag_v2_canary/materialized_sources/wsc-f6a1aa5acceaba157c23a459.txt,2681,287eed1719b5a01ac3320f61ad7d999196ea7a3f09e19c365eaf6f5dfdbbc856
wsc-f78359f9fd1d8169981942d4,canary/wsc-f78359f9fd1d8169981942d4.txt,local_runs/workspace_chat_rag_v2_canary/materialized_sources/wsc-f78359f9fd1d8169981942d4.txt,11620,16ccb7e9f23109d975377ee914d50557de6c06b58e81902445c41cb4ab107021
wsc-f796eee58f407ed5332b6d2d,canary/wsc-f796eee58f407ed5332b6d2d.txt,local_runs/workspace_chat_rag_v2_canary/materialized_sources/wsc-f796eee58f407ed5332b6d2d.txt,127132,ec10bbdd0e38c9b61af67152a4e9f5957f1d0df7269fa2d9d2cb8a9242ab7fde
wsc-f8fafb2ac813c0c8dad2aae3,canary/wsc-f8fafb2ac813c0c8dad2aae3.txt,local_runs/workspace_chat_rag_v2_canary/materialized_sources/wsc-f8fafb2ac813c0c8dad2aae3.txt,5031,1d62bfec40ad8fac862a7b023533e632017329028b2cb3fd83aa09b58673c410
wsc-fa75c3428af75175f9f4d5aa,canary/wsc-fa75c3428af75175f9f4d5aa.txt,local_runs/workspace_chat_rag_v2_canary/materialized_sources/wsc-fa75c3428af75175f9f4d5aa.txt,746,531b9feeb0b31831f564b570e7a34f3802c0cb296a39964bba773ec6446bbd86
wsc-fb277aa9484017b30147f7bd,canary/wsc-fb277aa9484017b30147f7bd.txt,local_runs/workspace_chat_rag_v2_canary/materialized_sources/wsc-fb277aa9484017b30147f7bd.txt,4963,e4363ceb774c73bcb54e9cb7a8332f85a9bd3735dac4cab32d77be34533fda7c
wsc-fb3c0c9d41407d55a8dbb2fe,canary/wsc-fb3c0c9d41407d55a8dbb2fe.txt,local_runs/workspace_chat_rag_v2_canary/materialized_sources/wsc-fb3c0c9d41407d55a8dbb2fe.txt,85079,d64660b793153f82bdd58435b55b93d4f353572b38101b0538a072630cacff18
wsc-fb69867468c0def75120661d,canary/wsc-fb69867468c0def75120661d.txt,local_runs/workspace_chat_rag_v2_canary/materialized_sources/wsc-fb69867468c0def75120661d.txt,24238,e6c8aca63dc4fce17d744656c31c9136d0a3c5f944300cff6d621c9f1517fd0d
wsc-fc43a654334a07af70edeed7,canary/wsc-fc43a654334a07af70edeed7.txt,local_runs/workspace_chat_rag_v2_canary/materialized_sources/wsc-fc43a654334a07af70edeed7.txt,27905,0b0302a9e7d497ae642b31e71b7ff8c91b45afd541281555765336e1ad17fd5d
wsc-fd6bc115996a8ed43f3522ed,canary/wsc-fd6bc115996a8ed43f3522ed.txt,local_runs/workspace_chat_rag_v2_canary/materialized_sources/wsc-fd6bc115996a8ed43f3522ed.txt,16335,f307782107d81c08a2e998131ecaef0546819539efcb0280f146d652a54de6bd
wsc-fe4b3598210150f6b3c2316b,canary/wsc-fe4b3598210150f6b3c2316b.txt,local_runs/workspace_chat_rag_v2_canary/materialized_sources/wsc-fe4b3598210150f6b3c2316b.txt,135066,699a4a271d18ed88c2458d1050446349224c0cc991974c6c00692cecd25d1443
wsc-fee0e656f0679fe3e4772ec3,canary/wsc-fee0e656f0679fe3e4772ec3.txt,local_runs/workspace_chat_rag_v2_canary/materialized_sources/wsc-fee0e656f0679fe3e4772ec3.txt,5384,16c2a30f9be75268f6de107583ac3c3dca9debaffa8092557786f874ba48c6d7
wsc-ff15094d75da944537b74c37,canary/wsc-ff15094d75da944537b74c37.txt,local_runs/workspace_chat_rag_v2_canary/materialized_sources/wsc-ff15094d75da944537b74c37.txt,9457,dc3ddada6ca5c0adbdbd77c6d4bccba4c086add4b94188aabbe1cede6e1c0da9
wsc-ffa5990a715ba460983eb681,canary/wsc-ffa5990a715ba460983eb681.txt,local_runs/workspace_chat_rag_v2_canary/materialized_sources/wsc-ffa5990a715ba460983eb681.txt,1694,cb2099ff2ff81700a795e0fae1e1a5b226ae1eae432835c09a3635d07c979d1e
