document_id,nhom,ly_do,sha256_thuc_te,fingerprint_ky_vong
wsc-00428f9482636841c4638269,nhieu-manh,lech-bam-sha256,92c0fa7fece9f6c100973773159e3777897151d5783b7bb86e1d09eb1a49dd41,20d0bbb6c3ae801b0a48ecb92fe7debe873565072f1bbf4f27a0fac96787df97
wsc-00438611f8e3f3d244934723,nhieu-manh,lech-bam-sha256,c1b4301ec18bf1ca686bdbc368cc607f4fd6378e5ba4ef8a176f048c4b26404b,8b4b928d671acbdadbd0c01d7c2c2ec699e98c805bbd9a618b83d5c2f4751354
wsc-00557b84e95c9fb3504e582e,nhieu-manh,lech-bam-sha256,8e8ef85eb193885a36107c4985b9fe18f08446b9ed03a3b50b0b616b1432a63e,b4bac448dfbf5855ef50fb96ab279a65ff27cc1d2fda028a9a943d497df4d31f
wsc-006998d9fbb692500808f741,nhieu-manh,lech-bam-sha256,4506bd9c4de6b27fbf705208961bb99303cc53d007b45844df776e4d5590c030,ee7568462cd016f5d10c54944fb5cce2accf570e9ab97e4888a7388dedc4855d
wsc-0196f88a377d0f46d88160fb,nhieu-manh,lech-bam-sha256,d3b324fc70dc109816323f7570216443584d1f19ab8bda9cc0b16e4f884f2a7f,f66e2eeb3de8e6d5aad8a9dacb06d89c4647e6cb244cb914ac9ad7716632657c
wsc-04ae32689118099604c3dee8,nhieu-manh,lech-bam-sha256,a634f7428a17a2536edf877910296b0aa5f6ca0d1920704204fdeb96e49c36bc,0f2cda9fbdf101c7e22132a24ad4f5a8652ec78d2562e84f61733cd3a8f08b17
wsc-04c3db879b730cb0c53063f6,nhieu-manh,lech-bam-sha256,38e5bbcfe8518ff73bac5cf57c6a1c1a0310c88bdc7805d53e2b7987594cb0a8,72da435fb7cabafd12681b0ed7bb0ff3c3d274363589d4fd6d391731d06c3385
wsc-0537fd89ce0396da6ebbdec6,nhieu-manh,lech-bam-sha256,f24600130c170423b4eab5cc09dcb3d04f31e85da21c67f772b39e3a584a8a74,1f4b5ad0445bcada7b6d21f57f2e63a29c4fd5dc5b3c09ee5d7d8e4c41434de0
wsc-0603d773386b44af8c901ddf,nhieu-manh,lech-bam-sha256,2f3c310641c9ea767c3ad64e632050380d0427805d1a948ba454a4a79d69f9a3,fb5de900c451bfbde7473049e857895844e78a25a50d7ae8d1ad2cd751c3bf5e
wsc-065f01adfd8f91412529410f,nhieu-manh,lech-bam-sha256,80716496d8243f428a88bacd2608fe366d2656bb65b971c874fb954a5a9d7f49,461872a8e19251aeece5c2f8fef2694dc068ad6b0a9a03b5f8921a1d2bc23fa3
wsc-06dd073629bf411f998d8358,nhieu-manh,lech-bam-sha256,8e2ac6462500199d700401309040835d1eceaaa3995190a19659f0ebe794229c,9b3d73d4784782bb47cbd9815efeea5de3302c9d91a17af3e942535f8cd656a0
wsc-0949b929991f28e194414f13,nhieu-manh,lech-bam-sha256,d8def68bae417479ae6d97b7fa6e0c836ad1db3d91ecdef69d34d972f2d0c451,907c2768d2b27691f9782f1244520d9147f3df1c9315448cb3d37e9bd99d7a49
wsc-097ffc38b07f11cf53843ead,nhieu-manh,lech-bam-sha256,80e1ec83c4bcd065fb22861aed9b1e3c5e079221c42650516dcf6df3d867fac0,f77b50c029736f6e57fdd5fcadd6ea0ebb3f38f4d9d50b0c3e07ae0bca58ac16
wsc-09824ff6e09ca255c727537b,nhieu-manh,lech-bam-sha256,d863471a4d8fc5505c0f7d9610951a9fea06a1e3cba060067b03832dc68d8838,93dd9ae595d1633e1904ece1ecb50846700a09722211d8e61af360a0be866346
wsc-09d5dcaf3f94ddb5f9d6f8ac,nhieu-manh,lech-bam-sha256,53370bbe372ca61245db64cf40a870c14b719d958d4a810d973426c3283d3062,73d2be9f72bcfe1792ab72cc6e1ffabc61dbf1d780560ff62ba10d46f448865e
wsc-0ac3ea307df810908f4446a5,nhieu-manh,lech-bam-sha256,8348447fea0ecadbe4c2ff5a0cd350544d830664e31eaee06998ea05b1f8fed3,2f65acf9c3e89b80c806b5db85ff6902008e40da1949ac81799a08b5670c5514
wsc-0b2c3cfc2f8115b362e9224e,nhieu-manh,lech-bam-sha256,6565e2b0c61998651333a2bbf786ed5c6d9ef6f28ee25ef2c4aeacb7779d4bce,2c262db58272bf1032fb4023021d8440551a1dc5493d72d6b7ca17dce975b2f1
wsc-0c15280f4188b2c31c1c0b58,nhieu-manh,lech-bam-sha256,205eadd20b8b483be11e15412ce180e1da0ea272cc14a225927ff865cb2b3a63,a213bec5096ccf9d1a651a829b84d717d1f688658410716c2dbd61219c2ead63
wsc-0c56778d7c1842c109f826cc,nhieu-manh,lech-bam-sha256,65f921d7db59e6708fba29d9aaf05715af7dd74e7854a3f2a603e03fa7e47866,523f6032529afe281f36f25dc88e9c4614f89785d9b9269bbdf322a050e88d7a
wsc-0cddcf9be6a24416a3265bc0,nhieu-manh,lech-bam-sha256,6c19bfe7de6642b6c88194ec16d3cbadc43cd693d154d6e7230cdf509546ac4b,aa9caf3cb3fb6f7db7b1651d6e670119906a8b3ff18a661bd38e503056ba7ab6
wsc-0debd6cc0931f29fbfcc3ff1,nhieu-manh,lech-bam-sha256,3b5ee4d1465decc3fc631b0b73c964477c80180773d5785247c499110f814381,b203a9c27bbf0bce312ed18fa92b0dc07ead4f16a5adf8f13dc1dbb3916ee2ca
wsc-0dfeef5924e6ac4bce171ccf,nhieu-manh,lech-bam-sha256,ae1dc97c485ef99e879d663ecd226182b5b1804d09212e7e6b1f949d9ae84644,fe00352789f0bb2c8d9f571bf7df343760b7171f5801736e00756bc046e76f73
wsc-0e101cefe1d7c8af523c9e3e,nhieu-manh,lech-bam-sha256,414c20e9bb4a24f9ab9acfb91fc8758a83655dd27cd4b7419b43d7bbc327101d,8d2633413b1d30008db017ae0c6c80bb436a28d9edc77b77dd529157b05dd491
wsc-0f1d8764dd417ca17696556e,nhieu-manh,lech-bam-sha256,392ef9c2caf7b9ff62dd7123e18a0ecb853f87303330e6f45e87f4320f22c598,3c1a5cb88ef0986edf87e44ee8eece9af5b0c013909a22ce92a4c26b20cba20d
wsc-10885646e1efad265d1b7245,nhieu-manh,lech-bam-sha256,5e8b29d34fa5e5509c46a5ae75f60fe1c730dae48e10eaf68bf78f8a8a0f789a,1d6b1882a2f5a737855ccf9220d78a76f29ac0899e4e61c7502a7a9e9b927966
wsc-130f6507201b63a1958a8601,nhieu-manh,lech-bam-sha256,5b53a1365a17c431baefe0f8dbef2b60bb11d850ab7b0c3ee4bb4db9aae32f3b,4e858aea70dace3b537a9ea8ea7ec00c5bfc8852d11759782f18264e3ef8539e
wsc-13dc5d0d8ae16e8c31bdf1f1,nhieu-manh,lech-bam-sha256,7f57f0ba25eb213a10afbd86fd41d9f2779222dfad445f40b3fbbf80bcdf667e,d8f073a693fd2a48620bf944c5ad0aa9ea58773dcf93b62aaddd97e2973c1d6a
wsc-13e7af8eda332bcf0a69d92e,nhieu-manh,lech-bam-sha256,0e55ab4f30846496bf317ca09ffa18cfe88c9117bfd025bba858f06ce96fe847,12c6b5f990bb19a2ebf8670c460dce1a5b595635addd02bcd22dbb59af219186
wsc-1696cf072a16a43c802ff100,1-manh-lech,lech-bam-sha256,f586ffd33ed3e4e0fd44361adf4c53bd4988ccf32ee062ba537e82522af080bd,a6a2f8e35fcd39055135d21c1c09300f25895556e5cdbe279f021bb7d77969bb
wsc-16b07714040fa97f80b82d59,nhieu-manh,lech-bam-sha256,62f57dfed155817143abb1b5c93b331dca5ccafcb206918be8c52dfc47bdf31a,e673f1acf617b27af076d5d7630ad991dd3f478127103ba1cd5264c6303641a2
wsc-18003f087932b2e7e326c931,nhieu-manh,lech-bam-sha256,05be4d32d4668bbc110907cdd6cc29f1160d5e6feecf9b18d4c206425e892716,84a585054325c59599cab98118f2f79eb7319c12c5c0da981ab873d66ab705d4
wsc-19210ff0c52dbcba6f156813,nhieu-manh,lech-bam-sha256,701d4085a6085e8d5118a46b090331c0a73cd163413b32a3c54820c5e7d389da,de26fcfaf787571ca5243ceb8e8946aea43a3c7fc1a48bce5f1773afdf8d844d
wsc-1b5939b5c43b5a48f6af8ff5,nhieu-manh,lech-bam-sha256,1fe734c42b8d8fd4a3e6e549a5010de8e8872da94957fa32f982bb07e7ccb521,13de04e5d10613dc928adf9182dd99fbfe4408711e23b490183bad6829b7c71a
wsc-1bf77cfe359bae2fbc68c729,nhieu-manh,lech-bam-sha256,51e4c230df2eb89fccc980d66cc85c895341db3c74c83e8fe1db550d60f8a5ad,a5fc9c2824cb9a3c900f712ae02d60e566efcdfbbe7bfbac9332c135d68c75b3
wsc-1c32eff929cdd48b35b92a21,nhieu-manh,lech-bam-sha256,1add96fe739d320b51ad0940ddd6fc14edc58c8eef93a75f9d5872afe26a2e5e,da19353f370d528435f536098924d0285f3472011adbdc957200607490055c33
wsc-1c8461634ff2e1af4c617ee0,nhieu-manh,lech-bam-sha256,7556213c3e8cef7580b76b7accd59b376bbd06ff4b4449ef39a82021f4032990,98aae25b562b6d553fbe14c8c17cd09d7c6bcaed63b81aa281f015f8a4e3492d
wsc-1e00d058fb53d977664395cf,nhieu-manh,lech-bam-sha256,91fb7fa0bb22ef0546d71b8be0f95c16dff4973fb2993f241ec3179b5505d7c7,0e204590e44d9871a303532616a6d600e5304fb4c2ea67bd8e6bfd6d9bf2949e
wsc-1e3242146bc66fa20389b143,nhieu-manh,lech-bam-sha256,019a6bc5b604fe4e771419ed2f9bbcfa14dcf0897725d85d5c8a3688ff4511a1,4d1081747f4c9d5a451617af559e9829bf64cd9c4863f974eb217a9756c5a14a
wsc-1f82d84d72992f70bf7897f4,nhieu-manh,lech-bam-sha256,47c2b34826516a480079eb4a69f9e00025779f6188076535cc80ed60721c3c2f,ae1f8dee3b0d726c245e75b1de8f7b84694610daed2d20645abe353e7947b1ca
wsc-1fcb1ee9191657a7a56c478d,nhieu-manh,lech-bam-sha256,78dbd0b9a40695195089db08578166d6393c1ff9847752181f16a7f676dbba7f,5b7fdbda47204132747b9048d9f2b0a1936f156a5653d17656b8a5d123bb6086
wsc-230baee36cd917aefc37d5e9,nhieu-manh,lech-bam-sha256,d38203b53c768f0fa1f48f17337c9a3fc93e7d2b44c96da788b3b661ebda7af4,7cfcd21dd1a4456da437283cda52b33d7166659824c72116a380bcc4d06a03a1
wsc-2335294212d0f129b375d3db,nhieu-manh,lech-bam-sha256,645932724896ccde1ab71330ce4e3be4ec404dcd73d22f3c246cead3dd1b1c15,ec558e260180b016ebf004b7ca9910c6023984102058a6fa7f8255f29ac1964e
wsc-2340acdb03f71fc0a04fd77f,nhieu-manh,lech-bam-sha256,86d2eb7c6230c330fec70ebc82cbc94932ef0eeb6003db9b719c5eb81db34e55,c56d48d8c1b3f64b9e760b271571a7a0939faee84b79874c09f1ee50915ebba9
wsc-239fe1602c23dc5e981d2453,nhieu-manh,lech-bam-sha256,1f949d72f5c922f41254f70d2542700b1f212159757017c450bf42e7f7d4d74d,589052867ad6a8d354d96564a170007c336fca8e348b65cb6fc43d2632f21a79
wsc-24b71cbf146e848d9ae79ae1,nhieu-manh,lech-bam-sha256,6a0dafcc50293f59ee96cd8d2b8e5846b7c2861f7abe0aab75a62e8202edf40c,f6ba4d28c2245d2f32e832ff2b38d99ced7c04e4819339cb8d68d165e3bceba5
wsc-263b82782ff9d692d840559b,nhieu-manh,lech-bam-sha256,f5155a699256101a1eccc6a94775f283932edd2869eef3506ce95cb229dd5705,5d1928f7b27f697511d7c271ffb71adce61d019f0ad7b697ec2be61f8c9df431
wsc-263e3d627626ceeabf093628,nhieu-manh,lech-bam-sha256,b7b510af9138df9436f956d879fee0fb8403faec9b95be63261257908811d04e,6b4c99262801b4a758fc47713cc63476f22f78046d040293c80d8ab3e21b58f8
wsc-26c5000f2fe11a6c8c8dd3db,nhieu-manh,lech-bam-sha256,944dc339aa92e2ca332dd23150c47fbd51e04f5f1ae315471a9fe69211c9b62a,49b776254097958820236bb5729f546b08e55dcd0c0790a5561fb4a5a4b9cd00
wsc-27cf749e5aa7038c98c57853,nhieu-manh,lech-bam-sha256,b1266ffc92090772f3821720b83dbdebfb2c40aff4ee621a836eb94cd15079ea,09fa557bf7b04144713246c0e279d674a8fd2c7ecb4aa6667dd4f2c97e2aec0c
wsc-27e813cafafe24b83a35cd4f,nhieu-manh,lech-bam-sha256,f934ad70ae96839a94b0f07fa29f38f2b04cbea89c98a444aeeef0b662a1c16e,1ee0b7e1c8423ee15f23c2447d482d7686e752d2642ea93cf6797d2e6de27338
wsc-27f6e2dfcc821e188e1d88d0,nhieu-manh,lech-bam-sha256,3d95a8d6d595c0505bd9de21ea28293b94832b84929933c26a421b30fff71110,ef7cd5a55e0198d2315bebcb2ba13e28a10dda75ce33c57870630b8e842a3c94
wsc-288bd4faf48b948b1f387e31,nhieu-manh,lech-bam-sha256,c9ff70c5a50ace1049b037b713fc6c3cdbc09863d5fc15e945d96a3054b2d75e,9d7714f5e1c311353bd753eb72b25d311ea3213c6b508de9d8ae5390b998c91f
wsc-297dea46dc11bddb9241f659,nhieu-manh,lech-bam-sha256,1aa705215a04a07d3b24131db57ce161b6d664378cdbe91f27b94687ac034aea,5a80924fb5de0f7d3bb1bfdf8a0e12a29b34dbbc15125e366ffe863ebbcf7a2e
wsc-29abb276a2ec3d199058e392,nhieu-manh,lech-bam-sha256,4979eb67068f926d25ca5f32d1dc5946e999ad294e30bfe11fd04b4b48bd9968,f43e09b23bf8954eb35e294acb9119d3c97077eb882fc1ab376b1d2323f5a884
wsc-2a6baf287b751fcc5b7fa904,nhieu-manh,lech-bam-sha256,34fe4f3ab581bafe26681f231da974191e1626ce5ff0edd025d6e40573c2aa3a,cb9ca04f5aae7122208a8562a1acefa88c1c67b12480c9637203562f6b560e94
wsc-2bd895f0a4f4e3eed4967dd5,nhieu-manh,lech-bam-sha256,a3e97b2c840e0c6e5859d660ae37fcf7bcfea6445ebd47d79ee9f3f7aa3488c5,ac455835d93e10b1d4d81ecf0af899ed64ad413cb6e57ae0a0a5b52bc0cf0d84
wsc-2c54e5a4b9fc88562a95bc3c,nhieu-manh,lech-bam-sha256,7b5874a84537f0901ab0d86ac1b48f9343feb44fab5108bb303f3e1c014734c6,bfe413b238da5b55528043e23f34c5e23844dc3f34d9fd114c8597df454c81d7
wsc-2c5b5ab6d3275d37196b4910,nhieu-manh,lech-bam-sha256,24da204da347aedca03194a4d746cd7ddd8c97ab1e6ff7f53c387e1c20a85174,f3dbcab0fc3621c22cef59be2f6ad675c75bb97a8df072a6771047f484f652fa
wsc-2d84a2cd75c94e30e8cbecd1,nhieu-manh,lech-bam-sha256,37550bdaf9439b39c907b65a83d499b1193808ea7729ddf026dff746de2a5c0a,e22e0ba86693483eccc633910ec6e71b4932c13ed78e2bbcdbfe3ebcfece4212
wsc-2f3e5b720c50316fd816a04d,nhieu-manh,lech-bam-sha256,ee5ac5b270a7e37c87bfdf682b896e4825f61573bf5c48a7e17a2b1c2248575b,6dd0289e30a455ae1f7f8b72fadbd38b5804eecc21402cce6c10664e6b8e0714
wsc-2f4f337f46c13cb099d8a2eb,nhieu-manh,lech-bam-sha256,c0e891c1c470b473e0fe2ae8e77210d45a8706be8f8dfbfff5b1d915ed5c15c7,51c83bb5e90ce74d3b6370208e6fb07ba7ce2f38d361659989309565eb4c9b23
wsc-32b1df20c4f70b8206bb89b8,nhieu-manh,lech-bam-sha256,3cf9837ace8f73c382df7e367c24be342ca6c29c24a2a03364005c8224357026,1d7703ec4295cc594c2e3f567b73e18c90d5592e900d555b50764fccbbb7fcca
wsc-32d335de53deecb7234400bb,nhieu-manh,lech-bam-sha256,04370483dd554281bc773fb1a75783e60c7399f5d0467b30991564633ae06689,b15d51eb3d42e1a35c07a9c7ec8f407a7c0e7f39b39cc7b504cfd094b190e18a
wsc-333ca7a39d0c430f85b28423,nhieu-manh,lech-bam-sha256,bbd37457bb5e58d5712ff92f2d02214fb032684a0ca403136161aa88690c67c5,c32dec7055fa70dd6aa47e14f1fe3a6044c37ce1efdafa2cfb503179f3fe1432
wsc-3417cc72cb93591e9b55602f,nhieu-manh,lech-bam-sha256,0bfca9daea0c1f680fc59f69f32a26ae066504d283810c94117ddfd5aa6502a2,12d7a7bab0dd9a244313eae0cc31d83d469a4bb2e2c60cfbe1dbfae4129422e5
wsc-344830b293043794fd124c51,nhieu-manh,lech-bam-sha256,7048f94c1568b67bfc5d17bb228a06d2d8a3b177aea0ec1a25e3f53fc75368fa,c2d4fe20bbfd3219420c95691c7fa2a33a975dbdd4daf3e6357fce632ce0fea6
wsc-360072f49f74e5a639fe0cc0,nhieu-manh,lech-bam-sha256,7d1529c49f6c1533efa2ada030632b043c44240e0c4d7fae7b1e61cc43a8ed38,e155f3c122ed7d0b47ae43240d497b8d0f8af47f9b0de714e3f7b77249f6efb8
wsc-37cde0df4a074bd346648c4e,nhieu-manh,lech-bam-sha256,38df30c12915a3887248e6da57dd1f4966edf9d105f2451723cdabb10b87c493,d0ca3885b16813c9ff7bc606a09209eca5296afac0953e0950a4a9d31ad8a5dc
wsc-38443b0ef20671b7b40c8d4d,nhieu-manh,lech-bam-sha256,39dc39b987038935451de4069b9b96965fb2d2db9ed7d87e7564c5839c8bcc37,6621a49362de8094faeef6e3ae9fb4694e91b0209b614e73450c9be5f693b133
wsc-3862a76468aee5575cd502c5,nhieu-manh,lech-bam-sha256,b22f209639a038cc88b822b0cedc52f99e9cf239d1557a422fa241137cfa8c17,1d726d2b3a7f33aab7600b36d6598088e31b11e0664b4a6169278f55dbe5ebb4
wsc-38f34c3e62c49e8f08f88eb0,nhieu-manh,lech-bam-sha256,eca4f6db3fdbc8f48019631bdb873cbfa5d4fc412e6663f77d4ae76e266ca389,af13bec650835d31409c7231169e1f34a972d51370f9e0e7c0fa453ab71a782c
wsc-39e9bc221c8739784711443d,nhieu-manh,lech-bam-sha256,e06c6db628c990d1d2c64b04ffa5e5abb54ee74f2d502d9fb84b7cbcef518b70,31ae2b8c35f2d1cd4b58380bdb669696f0301c49137c89edec74889c5342d5ed
wsc-3a6cd2f22301364893742ddb,nhieu-manh,lech-bam-sha256,9deae1cab4bcd0fb819d49a517f6dfd599d9b9344bf0aaed640386a446b3df30,fe7a4e71edb93d6c3da0cc7f3cbfdf863da7d5e595d0136b7db323fd15f4f349
wsc-3aa8ca33e183741d43b4ec60,nhieu-manh,lech-bam-sha256,9a94fa8d53ecdfedae75c57741817525651bf1edece6c710a3655586cb4c0a52,e394047980d5b9a99d69a059d10a6178b54ca293ee13f1de205e1020b0e878b2
wsc-3bca9339ea369420675341e0,nhieu-manh,lech-bam-sha256,e8d5f6beb479a9ccc95f92f3d61bdb737ae781aaa9f74ba9d033b06935b17e10,2a8c2c7b7d09132d2932ccbe22f72d892e53ae60128ea7f8ca52c58a237f3af7
wsc-3be416fb975b60f419ade492,nhieu-manh,lech-bam-sha256,58b12e390dc1508ce4ba42a975bff6390c75aa8df8db21eb5c36c20dfe97304e,6448ce3111e41ab74f4df66945b4e2fde307a382ff78fab3ba30a2e82e2c8fe2
wsc-3c7e472ad026f0847800684d,nhieu-manh,lech-bam-sha256,6ab4a14d841444a973d49e8f1583dbe7eff175ebb08f0d8f5faf4292c25b3342,6ab3d160d81131e71210cfcdb43e1120a73196cb35360c5a72422b356da63c0b
wsc-3caf4b6aacbde11a595a308e,nhieu-manh,lech-bam-sha256,961e3dc07b03468205154b7daed4629ad3a83b9fa0dfb3decdc125c705231413,588d8547c4706a92aefa2e683b65bb2edb54d58d19ebc01dda30c6cb597fc022
wsc-3d9aa320fd815c22934dd257,nhieu-manh,lech-bam-sha256,f1e230f9f54966660e65edfcdd11ed3583d73fcc3cf9901b9a780f3247367758,f9023c0563ba2766f0d71ef5db9d4676f9b452cc8aaf93b99529298a6047674b
wsc-419a613474ecac902ecfeac6,nhieu-manh,lech-bam-sha256,c8a344aabbc7eed9fcb45c6d713ab1fe0a8bc83ed5219cdbdbbbbdd9c00e0eef,dcab399f94aba62553c33cf05cb2bb0dbc14d8610412dcf4160128be4ed6d5b0
wsc-4303a258b0737bc6ac044fb3,nhieu-manh,lech-bam-sha256,2e85ad6ccf420982d7a438fa2c25a760bc3bf8baa65dbcd5acbe57ff10cd5d77,75ee41b904f913139853c9c444c61e696f11a2de94cba0b3de08a7fe50d0439d
wsc-4328f237e9ac71f762c4d3d0,nhieu-manh,lech-bam-sha256,fe456cc03433da5703c68c471967980f466d7e23c0a91db3951dba11d3dce029,9fc5b2145d60b0b7f94af6a75828ff24bb945a2b910752dc059f5cf1d1f9ef3d
wsc-432a22c2094aae27455e1ee7,nhieu-manh,lech-bam-sha256,dec46a13249c6cb95c5337cafd07b69c7a79c51de8023d259b0f625beb035cd7,a26860fdaeb80aa558d333a68371964cb3561a05b5414ed18c839c0f96852c5e
wsc-43617ac15a7145d46660243d,nhieu-manh,lech-bam-sha256,54d9d566e18b70215b730cefb508f2d15cdf0e8a666a5fe739aa1ab13dc9773f,b1b6708a1e50b13105c396b88b3eeb0691ac6e84b8dc4de24b87bfe6dc530555
wsc-43628c11d54ddeeb6ff17d77,nhieu-manh,lech-bam-sha256,7153a349d070fa8a1b057bb6acd1e595d18d10131fe8309882c61fee2a7fbaa9,dc43c84dbc5f5663384e35c9d91cb41e5cd42755d365bc405b526fb9b9b61d1f
wsc-45178b002055ced8c13ecd1d,nhieu-manh,lech-bam-sha256,be842af14a57bb14b90db178463a6978b8ca2f590ae0feac197af17af6af8216,843383bac557a1e57e1b56f8173460b3f781a70acb56b131ef2665787b85cb95
wsc-45e85a205ae541862dacb7b6,nhieu-manh,lech-bam-sha256,646740ee4be8cae5bdb003debbb3d8811ba9266bd61d7a16bd6051bd4ea03f80,f0f1f3b97d8ee2622f775fd7d403f9b1340d71359e582356979598d5f321d5cf
wsc-468aede06b922b9f1a06bbbb,nhieu-manh,lech-bam-sha256,00d2e721b2445a2042b832c3826e1df418a1d96a4757354411f13d59505be175,e2809207f4c372e6ff81c2ae4a4faa8ada852d2958e177e69b7309302a46d868
wsc-468d8552f20bef64ca827c16,nhieu-manh,lech-bam-sha256,717ae8d898ce5b5261ae9a86d03e981b042c0940b94ecf0f428aab4982ced4df,f5c03f551a38cad8dae5155fc9490195aa1b46c0dc3d86f0d88f6537fc8b78c5
wsc-4735306c379b381ed7eceb15,nhieu-manh,lech-bam-sha256,45a96a99a9495d3c91924d3e08f14c6dab3f2649e8f6bb56f00ad074dd3bdd66,156f6a4f81b5c5a086f58eb6e5915c64f1a25a6037004c7f29d89ae2dc286b15
wsc-480e4c1a6c92337ab598f53c,nhieu-manh,lech-bam-sha256,47f6859796bab0609846b7a9c53c510b0e11538fe5cff7d85cee61498186db7e,a82550a6e9f1178ce96b01c381f9a71524db8b59f009dcebb2c498ecdc81b004
wsc-483303cb09e9e8c6902f623b,nhieu-manh,lech-bam-sha256,780d520152a2889b285268ff1d1d68097c507922ae70047777c50bc86bd1154d,b823337913a1b96d41d0f8836bf4ce50205eb0cd0d1e1c099cb5a210b1b8cae3
wsc-48e83ee0d86c0910b11a01db,nhieu-manh,lech-bam-sha256,e01dea6a13b7b69205daed717a6562b3b11e940353c7f6c9bf084f8da6f42c8d,37def313b0332ce9dfe78bb7b0102e62b7c105e25683c574b81ea519cc756f0f
wsc-4938538dbb7dd4f340ddac85,nhieu-manh,lech-bam-sha256,c68229d6929ae57a33f96cf9750149281c8121efcc921a3a93e8c5f6a7b219ec,eb8aafd89350fa44a3267ec389d8910b4cbab2c7615372336edd69eeb4a381e2
wsc-4957729b8f65624b43bae2b2,nhieu-manh,lech-bam-sha256,ab094f1608fa7d92fef8574f4bad6e90b8a9d542e70202fd3c883a11c2001ca1,3fc5b07cacb17aa1bfb4d5305df157cb46fac89f5e403de49f1d71884d4ade8e
wsc-49753efc0247446f4754564c,nhieu-manh,lech-bam-sha256,6cb42a4f0be0ea0e3748689cf5d2eac2416e77b5faa3ba484b3ccdaf605be6f0,a727ebe56deeb5e31e5f67532f6308ea4631d853dba23b227b8150b9f79b7427
wsc-497b85eb59ff95be7162016f,nhieu-manh,lech-bam-sha256,36c67d18a6979bedfab50207c6e40701b0a38f47c4a30a702a305e9bca409894,5d11d83b4f9c3b3c969d61cdab79b58676346b25e4da61e85dffe7237dd708a0
wsc-499ff5f1075e6fdada286813,nhieu-manh,lech-bam-sha256,5ba0bdd0e6496c96b2faed024b70f4f4bcadcf1cbbd04b271f1139380f774d1a,854fbb2236415cb93eeb4ef336c47fb833c99bda64da842a7b1075835daa51bf
wsc-4a661df9d0318f5164a9d649,nhieu-manh,lech-bam-sha256,77e40ea1d0e90fbcefc52f503ad459df9b037653eff19fb2575d6bdcd5fcc59b,768a123bc9a3412b8c87f8ad69a568b7cb45259e105903c0086ce5bea2cd6cd0
wsc-4a884ed893315f6536f3e437,nhieu-manh,lech-bam-sha256,14bb9ce2a7452f053eb67ff171ee1e585b16fb8b76dc2a1934d59dfe5e31665e,fe87a77dd023620077a47b57a4c62b236344e1ac700d58fa265732910155f8f0
wsc-4ab9350286ad8e78809e7dc3,nhieu-manh,lech-bam-sha256,b72ac318b19d651461bb81e95ff9fb9736127e3ec774192969925965ca320d80,1a8d284c98fd16172d52e0135c7978953aad45c0bd622c3a531b971fc858d8ab
wsc-4abade7d2456adf01bb1fd26,nhieu-manh,lech-bam-sha256,22af7726d860eacfe02670a087c513e6a12df36c80766b90c5552fa9422a8946,4c10fbb592ed31b1919c5d7c45911fec69d2f89c7edabbaf5c77fca986138224
wsc-4bb9a926160fc7b2687cb7ac,nhieu-manh,lech-bam-sha256,754ad562b97b064a25567af014c61299231ff7bf3b875f5c78b5d5bea944dcac,c98c88734d26d1d6bd853a411d3d15b3888d469a9ad6177253a8fb3c93e1a4dc
wsc-4c2f33de97e314843c99e69b,nhieu-manh,lech-bam-sha256,7d16637d1a70834692aec9f632f3568ff67f71d85f4c39fb5b13b538e7802e57,41d8eb8e8e50ef9e7bcff45fb0da4e5a2caf50e4572b3bb11ad99b04cd76f68a
wsc-4cd2dbfe87844143e97d8576,nhieu-manh,lech-bam-sha256,838133511e1563c4c084dee599b1420326ced5b7c541fc43d0390ab60b2fdbf4,9eae8e0d985036bc903eee591cca998d38c3ef851f5a34c21b37b1eeddde9f3f
wsc-4db8ddc1e8392dcf3f73a468,nhieu-manh,lech-bam-sha256,932af42c9309cd0a041427fd4fa893263a620fa118045290f7bb943bb9797a32,ab545400b6d9fd79f4d00b9c09d4b4f685637ed298825a69f41e6ef8ca5cf0c4
wsc-4f26d0e7608e6c64c120ee67,nhieu-manh,lech-bam-sha256,b86abd983799fbf23caac623eb8c1d0671b7d1a061640f91f6092e27d5dd0c1e,3a4f567c7fdacee570cb4e0bf885aa5ae2db6f6ae3278e1514b37b9067b21a0d
wsc-4f2b74e844ce3bdd51ab1f63,nhieu-manh,lech-bam-sha256,765d0d5bc88d82b019d5304f2033154f07f4016c039e04fab279f6a5d2f0f258,a08dfe01597253640a05b044a6236a1b37cb5f2a8f3e66eeb170248b7abe9bf0
wsc-4fa5190e1a384777e8706a38,nhieu-manh,lech-bam-sha256,eaff3b6c61aa8608b01d17b5fc97059b88c1db67c02e691f417960f82b1cc2ac,a48755af69492c2c45f77151b574398d0083626589ef7e68ea2a1ed155082ec5
wsc-4fc7eb76bdc2e05c08b3f0f6,nhieu-manh,lech-bam-sha256,e407c32cdbe0711823a308b7b0c7aeead2655c7e6bed789ecbd8d5b6ce65002b,ee97eaf507dc8c11b8a3fee78ecb944d50019ad7f8c1c8e09cba622e3c461624
wsc-50202c79fa402992e38737b3,nhieu-manh,lech-bam-sha256,f2c77b39771e511ceea7111aedee6d51f8666f02945623eadf6aaefb890a878b,8229872a3c279c4f8df4bdec6e542adce0018b4ccd825d3014ff28468fda97aa
wsc-509d925a147d8feae7bb72e6,nhieu-manh,lech-bam-sha256,fa2457c24f3cc4282f2f8fa90c0f357652222434c48f3228210a922f9fcbb6e7,e62bd4a5383a2969e456cf2f4a0da0900ce7772b6ad273abb0147bb481a113df
wsc-5214515c9419a919f5fd9b01,nhieu-manh,lech-bam-sha256,2c7c461cc0cd08c50eac8259a31670aa6e070d00070a17b245637938f349c582,eb9dadb2a0f64349c25283ee8daabb8393e293752bc5ae46439adfd78159aafc
wsc-527ade7fb230338f3df478d9,nhieu-manh,lech-bam-sha256,1670ff58d2117e9cf29efed23b6fb1c1d5b3a9fac3c7d7ba06af4a9c4a8a92f6,f5cfde9d71618f9d0c95e76171953fb82f2f857f588557e82b373ca7778f8fd3
wsc-527f8bd013650df67796b8bc,nhieu-manh,lech-bam-sha256,af1b8a30b51fd2ad96c2ce20b301e925deea63dbe397da1329e53a0ff06c7ff7,8f08b1ee597b31b40928691e5ee088895b53bc6ec5e2e41db4a9bb7b7f699db5
wsc-5284e5eb6541997ae1861dd4,nhieu-manh,lech-bam-sha256,3e2d21675e4b3043e6f08def1690e7b5c692c7b1473f3235521a5b4e1aa26d5a,70712af2b0a2fac6de1efeb34435bca75af04799450ec1923bdb2c524b9fb937
wsc-52bcbeb1d86b336f017ba6fa,nhieu-manh,lech-bam-sha256,70dfa8e41b02189dc102c8a9964218b1294975f8d184fcf1ac146fb72089fb26,848af19ab642dafdf9fe4f71455cf5f61d275207eae42fed6d976f2fa2b9042c
wsc-52c0bf23393702089f5df5ac,nhieu-manh,lech-bam-sha256,0f5fbded44177791598ef262b46c3210949042ab95087e639686ea3e5665e7a1,2463ca2a7ed12118282f3d842e919873990971ad8ce9c5ad8fe1d200669e8f33
wsc-52d6c2ec0a4bc8e13d2d7e7b,nhieu-manh,lech-bam-sha256,db673a680a32613e84780a36dba60597b84aeea234a3d261c0ecead3d3207e90,9a6c5f02e1192a7288818cc4075e12812c6afda49a7851878452f981f1b7462c
wsc-52e09d24d9e5de4f67176375,nhieu-manh,lech-bam-sha256,f677e55818bf7683afc45ca0337ce5fa268f9d4beeb3b81b989e93047741daa0,94067d6c65b00dcdbdebc4ee475a75d9d3b7c1053172f6f69f76a0afbada6778
wsc-535057c2df827da43e593bb0,nhieu-manh,lech-bam-sha256,6151f1e60c8707937550963a25ffb78d9c34c0a81513adb0f0f7afcd547cc256,b4d76bf986370dd11719ebce3cef446dc03a5d29cd1e20eefdec798dd0f1510c
wsc-5527b89949fcbd89449224c8,nhieu-manh,lech-bam-sha256,7a9b1ce231caaf4d7101d508ffdb830fffea2d4ccc5de19f72a3a8c741b2232e,5c3693380e1620187e95c80d6e96998af99835dda3bc10318e64fab99a7f7731
wsc-5582ee77957a9aab925f3312,nhieu-manh,lech-bam-sha256,7d419b399d11f809c946c8678aea7921bebdde180e195b42a839e50e56de71a6,7e60f4cdb3a0b5c5c1b0f872e97c5b511387464b5d6a2f80e2b4b0700ce8a830
wsc-565fad6cef70e70bccf4a360,nhieu-manh,lech-bam-sha256,d269526c09c28b88d0a0a259f3665fd6725585724cff725a2e585a007a533214,e3e53ab1906525630d5e21eeb41179b57c3cc021bcf801a1609c3d4c4cbbe6ab
wsc-5687e116c9f381661d10bd77,nhieu-manh,lech-bam-sha256,646227f95f2bb55d6372e6332db7f0d1a73ef258fbe516b4e8265534c78f6472,296b96b9617471d228767844bfe83727c139c2e154864715e0ea7b566ef61c89
wsc-5719cc700a115abeb9933116,nhieu-manh,lech-bam-sha256,da2f24545c871b386315450c63adad2f0fb582e9529b60795a892f109e19b819,1014fbbf3728e08718915f69c0da35fede564fd94ca33a557cb8eb1da2846634
wsc-5782d41b7dde1cbdb668c31c,nhieu-manh,lech-bam-sha256,fa8fc5104acfd23f43264a2c0d51d96ba93fe9a75b46dc05d8aab76ca6017ae6,453b82eac5291222600430e1c61559401b149325e7e3a80211d9f2351388ebaf
wsc-579b74f1c047f8145d879382,nhieu-manh,lech-bam-sha256,b179880daba9c2fbda766d6937965e2038764c0ae3f6cb9a24dea90b6dc1a44f,b6c51f0702d2ea3fdbf64c563cddf4c23d968e20073100647bde97c90e4ea977
wsc-57a940899f40e39ec67b9661,nhieu-manh,lech-bam-sha256,4b8da2e236ff15fa90f5423b25881d729430b998a5872e5954b33eda35d80138,6631a485cfb9491a0967dadf68caa6f14b9c17d9299504619c57f458f347409a
wsc-58a2abb444cee489b6786de3,nhieu-manh,lech-bam-sha256,8e3dd3b929ff52fdd7078f5e66ea04c5779fa28e9dc0392710f00d6b23007032,babd4afade333e34e9d6bd0c4c66acf8066b4957b64002a7524cfc85a08aaed7
wsc-591aa0bdb18b4341676e518a,nhieu-manh,lech-bam-sha256,b8e4d395649fd35c28046837e5addabf2681af8e91d784b2be16e87ea653bdd2,361327ad7fa0e403dcfb7e48606a93520c78d8bd8e5f8c2527389a152714b3b2
wsc-5953d3fff1a73f1068d08192,nhieu-manh,lech-bam-sha256,1cec02ab5e38bbd199fc831a0583f0ea01d51013ecf31b537bf171cdd4f22b49,68747a55b65f8dee1990466709a93607ff9eaa9657afca0de225ddcb7e02dc7c
wsc-597d95c4a4f36f4bbef26750,nhieu-manh,lech-bam-sha256,faaaefa4be1d96796077f3a684f87d45aad5b53152890f01f236dc4d74230a6d,20e55dd368e51fb63963622db97e1bbf0996433ad788eab3363209922019585c
wsc-59bc5f7a5f5fcb3abed9b3f6,nhieu-manh,lech-bam-sha256,e68c284365decaca9d2af72ab4929acca722c65c84c619313803a91ad1a5af1d,895f3c0a458c661735fe4ef93de10c8270e59d41e008a5720d5c9975e7ca1f57
wsc-5a63dbce80246536b744fd12,nhieu-manh,lech-bam-sha256,22b99e33d109a7a6f6006404eb7c1f943fd190b2be7d8be69ac9f3288935f755,20b675373d7a77be129fa20e7d3be89e42ae585b17d9f4c205d60fae1c145273
wsc-5a8baa48d12a202a38015382,nhieu-manh,lech-bam-sha256,83e6bc9da32334a534de44c18a2d14b21737a38ec681b9b9fc3e621b43bcf428,73c5f0e8fa47e4dd0652523c6a6a67a53ca8549346606a99c5c9049f0ddff93e
wsc-5b219b5781adfc730535871f,nhieu-manh,lech-bam-sha256,3db8441abd95d94042b5567bfc0f97cd7b1d1fa555251b9f239fa99dfbaf8f53,2ca7a827fb9272fe278972f16502b4c2dffec61728d71f5fb3eb4b03cfe951ea
wsc-5bb2e1327274e578dd2c71f4,nhieu-manh,lech-bam-sha256,7e34df9d0804791f61a56a5a2da0f28be0c778584e576f609ef9297c4e3fc232,7ada3eea69d927e38a28f712c7626936361510a63411ddc1fdfc96c05b54e0ba
wsc-5be433bfc8d38401800a093c,nhieu-manh,lech-bam-sha256,0c55e17cca97cf66ca48fa1ea1a1641b9b070549be7029c31d486a35bf7e683e,15d4fbedf53631caae864107a1af48f8b36a8286b970a118069a94e297372c44
wsc-5c325bc2f80435062df95d50,nhieu-manh,lech-bam-sha256,bafe86dbe61af6ed3e4cd17120c012d770f36f04a61f3ff22323515528dba3be,ecc890c8fc2e294877736d289ff05f117057af88ac83e2c6b4741df65b04864c
wsc-5c456e05b4216ec1bb640530,nhieu-manh,lech-bam-sha256,4c3ded1ceb38dd82e455eace09a9996d3f5851ca5c71b3fcd3362c29173e64e1,cf4d4a7b2afd6b0556e816bcae98e6297fe3b13b4056e43e3ed6e4d805936f2e
wsc-5e1396801eb098b19421a59e,nhieu-manh,lech-bam-sha256,1dcd72f9bdb27457644fe4c72404b3484439292755f13dbb5f184c8d64ced61b,990e24f25dd164ad20a361a2c58afd6755165141f51f6786ea0f5cc61c1aa314
wsc-5e312a41b4fc335ffa44996a,nhieu-manh,lech-bam-sha256,3df2b7de9317f34bed39fdc6a06dd27a653489f9575074d3baae893fde2cd1c3,56a7587c00ee60fac24c9c43a457cc4f232e8d181cf72c1032e1baf2eb0ac7a4
wsc-5ea69e17220dfbfb09ad59d1,nhieu-manh,lech-bam-sha256,4f3c94d2b7563ce03392388a5778f91c7cbc9f57b5135d4a1ce3a9bf416805fc,edae6bc54342ce398ae7c72a2425189a796adff6b1ccaad6ee961a78ef13d29e
wsc-5f4753572bafb19738cc4e22,nhieu-manh,lech-bam-sha256,c7df801fa579660400d970e5ec1cf728aef46668b234edb2ede255e10527f55f,0002181ccbedd98a69d213002b9032a23e8463410ebb0b01a7caa007e286823b
wsc-5ffc1cf0d0244daff95a3f88,nhieu-manh,lech-bam-sha256,df1ca765a845cf8c6d91f96591b26699c7175a92f9b9c47195c4599cad657d3b,be456068704dc133d2c33d8c19bd62b8078723089eeadcae3d8cce3862fb27e7
wsc-61c93ce16af0fbeb80b7aeed,nhieu-manh,lech-bam-sha256,721e43bd792612cf5f4c7b9f788c814bde80926b1f9b1f874bc0b1b976593ddd,a599282a6be32b024ad48fa9f1dd7d8767ee92e0a7c2369ff4996eb28fcc454a
wsc-6355c4f658a300f6fdd9d203,nhieu-manh,lech-bam-sha256,25655a56c6b11dc8951bbffc67b30f4cd7604e66a988f0a534540ff273d2ee15,999e2a39086502a06baf97dbba26f5f93316f06b278367b95545480bd1ea0147
wsc-6376bc54c4e43de2427d1343,nhieu-manh,lech-bam-sha256,5a7cc4789c3e1e6d61cedcf8eb8e5b644fc2bb1c6982955703dce88750ce4208,60b3e35abb0a46ca0df49ffcdb5593513f48ce2ca10f4a35d52e16c3829829fe
wsc-63ee830e8f40274c7cbbdfc4,nhieu-manh,lech-bam-sha256,044d0393f1e611abcb32c8116c216549154b9efcbb9d4443a73c400eedec653c,544b4bf4d80a57a943c11fd2ecf5ba92be306abf3e62f6801f7e04777e828aad
wsc-6545fbd02cf63f9124d579cb,nhieu-manh,lech-bam-sha256,361aa07a92d5e53e47b60fdc0f3750c529e6bbcb6ee39d88b8c3def0ec92a572,18cc08fca084011c0eb52d4a3ac0df2b0f1f3dcb3e50cfb22d45b33e16b0cec3
wsc-654ff83db5c2c37a1289ec7b,nhieu-manh,lech-bam-sha256,47912d7c986d14745ca0e81416212358346d2f93925534e7875f1189eb14fe05,f54546c59e42962d9c46a03b722b67a7158ba18ce70657d2e28c0a83d5c40446
wsc-659942f48e2057945b2fddd7,nhieu-manh,lech-bam-sha256,430e6bab8b2b1d658eae41bc634a2cd59ea2cf80658d8f2d24a8d48612b9e324,f818a9d79c226e9684c025df2d6d4672ed5980335a5c7b98f0681cf8530ea6d8
wsc-662a97440783e685358d6e0f,nhieu-manh,lech-bam-sha256,bedee9434a6aa4b1d045e782b06b56491af4f564e7e1c0e7a42f70fdd28e63cd,6cd4dad841546d0e1c9d9824f8516db036c1e6fc26a6fa6c341c0fc6c248bc36
wsc-66ef87460eac6eb23a9e4171,nhieu-manh,lech-bam-sha256,6ee6ac7f179398fbd675ac7946fa56f8c6a94cb17d85c6582b0a02d4c7c512e4,e5ef9190d2c6268ecb2120a0d7091ff24e6ac21ea8b21847692f305c3fb01548
wsc-671647b1c8d9a58a095d1a5c,nhieu-manh,lech-bam-sha256,42c66fc6a4134011c56ec306f5442f949c595ccf5571915ba34c2dccb861aa9a,6dd51b6626a82ef6bee071d0370509aa31299235287bf6dbcefd2d1160cb9995
wsc-67bb63e1fa2e59f1fbc7320d,nhieu-manh,lech-bam-sha256,ad3b65a309ab6e5d6841a8b18330bc49e2c896e6c8ac2cdf5e2f7acdb07503d2,ae341836bea888c6fe7e6e3f790a538ee589b1f4920bd9851ed88643714d34ce
wsc-6941cdac7ea87d001251b851,nhieu-manh,lech-bam-sha256,bbc73cbb3415f504746847be76bfa728d251a467130161b42896e4e403f08074,0bdfca79a66b8d20620ff35b320f66bcadbe761c0c1f0a0992a318040aaa65a2
wsc-6a25f0b37dc4c45c4ad1874f,nhieu-manh,lech-bam-sha256,ec84894df81fc2df002430b960542203b279a312c30d7c5e41656add36e4d336,10c58bd8934bf5e0b9555db731faf49793d6e08be6dc2e9bce84aef89667a86c
wsc-6a8ed23de180f61b287727bb,nhieu-manh,lech-bam-sha256,47f762527466b166a8a357188df87f6525a004bd870b642d443c8108cf3aa708,35963a2c65841e618b283f6012cbb740fe7727f126dee4d6abd72faaad365df9
wsc-6aa9d3fc0950434765835f35,nhieu-manh,lech-bam-sha256,9f26a54c0800b90c71e2c966a9983e04ced92af4a59a31702c4da4d27d9541af,1acb017a17310f8321a0af7aa592d4fa8c057ccc91186ddaaf78d2c0f61384b5
wsc-6b05700fdc3ea4552f958063,nhieu-manh,lech-bam-sha256,8ae6a15c7ddea1c1289da7430931b3d31ca8994d8588ef2f5bea6845d0f6f557,9cbd98bf2b25ab4ca83059ae0b7dffa92a622a0a4584c97a4189fe8913950373
wsc-6b2aa94ef8e53292a9ec0c1d,nhieu-manh,lech-bam-sha256,77d21b3becba3ce9dae4fcdd6a2cee122f205d9c70afab9b6c167c3c13e469f6,2cf958f286c8451e425216a5ce3e4f896005e761a43611bceb9b7af25d424d64
wsc-6ce168797974d612eba1d141,nhieu-manh,lech-bam-sha256,8e222016426fb867fffea470be3bf09b05eb78f81191c01bd76f49914d1bc413,a6de681cb984fbcf1b88714bf074436dc2c22a45e597d1f091f616cafa280019
wsc-6ce244ece3add1cfe2daab28,nhieu-manh,lech-bam-sha256,8f37ebb815b54848adf87fe98c21da1532ea332e1f9d13debf810e48fc9fbbbc,a19d26174d5be78121bff33f75a8d67f1a2f3ecbc7741441a24e13fa34c3444e
wsc-6cf9ca1a19e5eeffa16e18af,nhieu-manh,lech-bam-sha256,51b6be77508c457d8f9f0a21424e46ece60f0fb423755f52bc1815aa8f7ee080,442ebbc79a632f84fc65cb5fcca66bfe3d2297990d133a400441921b0eb079ab
wsc-6d14cd1be7bda0d92499e2ae,1-manh-lech,lech-bam-sha256,e38d54cc28a37b2415f3f83fac238c8186e7c678f4dad14e45e99dcc7bdcd99d,34dc5f3fbee5a9f5fa8272d9ab4911a343a5bc1f83debe0497db54cada623df7
wsc-6d56f89f94f2e1ea664ebbb0,nhieu-manh,lech-bam-sha256,6c8fe63b99ca51ac04d2371b6b65abe5ad86173fc994dd47cccb4593d4e37157,83a27b8fd2c32b599138d3fe3418c048fffa8227e922bc7bb5fcd79802e6fd18
wsc-6d58d6c9477720fb1229436c,nhieu-manh,lech-bam-sha256,91c41107237a9a03e561a169742488783654a35c18407b00dacfc4a1ad074406,684e00b852914521df71015e5b7fb086a53b4be8a763de2e762a13218ade9ea9
wsc-6d6398a3ab79894c5425393f,nhieu-manh,lech-bam-sha256,f2ba51cdb5f25f3d506642887f33005060660cd5c93d51cd25b661b5564f18b7,983402c91fd96a90cd104b331759796ecf5dc3db2259e81173670d19eec9f040
wsc-6dfabb03ef6bb4e15b9ebf5a,nhieu-manh,lech-bam-sha256,31a66395507b4a5045e24d2be443b4de7b086673d767037a36e2587b9f146462,a7d0369756f58841af3e4eecfa5dcf3424ac25ad76e9d93d988e74dcf6853716
wsc-6e51a0f2bb7b2d5e85afcf62,nhieu-manh,lech-bam-sha256,789ba2ba072727f70676acf82f0d400ca073d8e113d72fd65dc62290aac51a3f,bf848c0dcd188f672d5e759ef6f061df584a77be81917c924a1a2547af1acaa1
wsc-6e53ae5b1275456edd63beb6,nhieu-manh,lech-bam-sha256,45572b1610bfaf610fcbae99fe3e9dd2e7498ff692795052110d16bf39ad2799,ce89884f32e0c8adab502cb9dc88829500a2f32c62433797aeea03402cddeb31
wsc-6ee7bee35dc72905076f42d2,nhieu-manh,lech-bam-sha256,f5ccc8563f7173967c8aa3100fb1b29ae8e43e61cd8f8567f113769a0338398c,8eb6bd03f6cae9ca30348950ea017d3584a94ac17bb5725dd5055825fe9dd908
wsc-6f2381659edca571f63aaa13,nhieu-manh,lech-bam-sha256,9f11f9e9f7aa3de698cc988bebad05757cb10a97d46ef8b971a55f6201672e49,e5989f63895a03713b0820998a59cecbda98f7dfa3f4e0df43ffe6ee684ef4c7
wsc-7030e0419bdb4c0b0d4370b8,nhieu-manh,lech-bam-sha256,3ba76e20ba29aae356d36b065648cb0d288df9b4e5d7a3b54c9757c8cd72f061,ec4c675b139b2e8cd64407679448c8cb0d1313ff61403ba28c2a25c51a685f87
wsc-703148c1b14c3d271f69773f,nhieu-manh,lech-bam-sha256,c07635305601dda63e9c3118d2e2bde21f4e9ffa8bcdc88c5adb9dcd54f19ca3,b7e7a73c8bde58b9d1f06816ed75358a1ccc4915a10dd7fb2720cc32fc6a0a56
wsc-70c916ba961ab584ec28ba23,nhieu-manh,lech-bam-sha256,6297e4eccb8ab2b31824802c3b29a522e2b6fb9838d6e6210281278294e80ae8,ac883fa5e8e949b6218eba60ffb601ea3c676b204be50391e264539e7fe18b7e
wsc-70e43b4fd7941d590c853961,nhieu-manh,lech-bam-sha256,753435cfdfc433e3af7eda8089086ba75e81a82d95239cc820fa23719464ce07,f01247da5848221fbb1dbd6a03fc988fd9a23c34146f5b051428de90aebc34e8
wsc-72286b0d4ce7fb98fb5a3709,1-manh-lech,lech-bam-sha256,e87af4b5c12309740496f91a9b9ee26d1135dfbac80f421dc98bb76f77d9c216,173bf9e718a2a3c8eaa344053551f909ee78dfacb443bc84821899b8acba2f3f
wsc-756ec8bfa45adbec0fffba9f,nhieu-manh,lech-bam-sha256,d289e87315586a3c207e80d29932936d2e233242c19777985675424222b3187c,519a460158f5ea5b3051f9f5c21e23a93517ff37794b19fcf0597858d7328144
wsc-758dbc494c6c79e1c24399bb,nhieu-manh,lech-bam-sha256,614baac5533eb34ff6e24dfab7c109571b83bf93f92a414e55fde914e6e3aed2,800ccda79efbba5aaced1e078455bc5a7717bf45d021af3028b12dd8cde5a49d
wsc-75ac58a60b2852018a5224ff,nhieu-manh,lech-bam-sha256,fa1c80ff46d69bf5a269f84cb3394cf22403c189c03824105f2e161c065ca44d,037f5695efe72cd49c2289a63ba03b15cd5fce747bfc97d7d36c70f8553e06d5
wsc-75d716e930e8ddf3fc591e5a,nhieu-manh,lech-bam-sha256,8593d30e60eaefa3c0a59bf21d10ea8d28e99dba4979b39a735c0474bfdc7672,c8ca4a65a8415e08788f1f75ea5ff900a25a57e91b173abd7846bb56de6d7692
wsc-76beb46f6973ff5135836034,nhieu-manh,lech-bam-sha256,54b3d02974b1cbb98d7457f20eefddee133b4a842c5b1e04e50c9a475285cc52,f84aef141f19113a1eb6932e9925a3023f6b7c4f0b143dc7f4312459a03ad0c6
wsc-76c8e2359e579b0448972a17,nhieu-manh,lech-bam-sha256,95ab69b3f38adeb7542b8abf8450d21eef861af05c94b8d36cedc24d7ac17a33,7b8ff667cfb99df4378f00f109c6900555c81b8e8bb58aea022d63a167521204
wsc-78de95b245dd358790a9839f,nhieu-manh,lech-bam-sha256,080a6c65e9865a2a3aebec0c7979d9ebeb66ba40c8e290994b42f02069ec13b7,1ae0c0b6b58e9e0358aa2eeff09b049a5176dbda9813615806df1dd895cc726b
wsc-794a6014e1db7ca12a463750,nhieu-manh,lech-bam-sha256,3339f41161585ab237d1d880bddb25d35b7ed74983d1112c03beed552ab0dde7,bc65e57c9f1de0fe6a881c686ced9e17037c417973b34367926d47a70b8a1bf0
wsc-7968ee2d1b2ebb56a5055dc6,nhieu-manh,lech-bam-sha256,ebae15ec501434546076a04759f8e53f4864c3d26f54c9c7e379cc1cb8b01941,875f5b3c488b3d4321db97736802277d749bb2aee86616c597e9632e924dbcf8
wsc-7a505c0cbff07a91486d0604,nhieu-manh,lech-bam-sha256,21eb6b918f909e9a43afd5273a25ab7b19dfe1c6564a3a084fba4f82d0fffcf7,47b6b5544a0531e12dfb9b8b3f42342641044cc48ecefb4bc1b61bd28c273ad3
wsc-7aadc03f0430574d2dd9f4b4,nhieu-manh,lech-bam-sha256,2fb6b2bcd3619c6f7e0954126b5e8a8eecaf0a56b6114dbf4649cee9498c4281,c75169f3c3dcfe62141b553b36255d6c79e1acde1ff80a8b221a273c36e2f300
wsc-7ca7d51080822d189e6b3585,nhieu-manh,lech-bam-sha256,8b9d1af9573ccf3a9d78b89ac465d44313ad39caa2d3693ef880a1d853b8a895,9e59c2f86c6ad500c557c6e2fcc1281157abe08ac84c6b613b0c8dd4efd6add1
wsc-7dc11a30e67f3b914854c443,nhieu-manh,lech-bam-sha256,f18513482b7d39c459d5c319fecc46ddd950d0033e071535be0095033ef71b14,be422bbc6d526b55567fabf5d64140aea41f29a4da777837e235abb23c80d5e2
wsc-7ea49d4f4bf91b9d4fdd947e,nhieu-manh,lech-bam-sha256,caaa283283776a059c8a48fb822b6a53668c595adf5700298543e1867c094bde,a8d7de8063ca37027226c1d3cdd24964af5b5946ec83a8acee5b7329d96c08ca
wsc-7f0a77dcd5d243e5f8ff4884,nhieu-manh,lech-bam-sha256,23e2f100c5f091a19bf7d035a608d6e3f96f584e4746e0560b15efe7f40ed788,acc75278459aa2f71e917c35c5c09de4afcfafd89cc25d0ae772729410357b44
wsc-7f5d66631ea984eb8dfb4614,nhieu-manh,lech-bam-sha256,6d92b29a9e2e1ba8f4dd46322b3a93309ebb3374a8ffd39b41d5432a34784780,a39fd7b38698b87bdfc694ae057834945886ffb3950c8a7b915153b43ab77500
wsc-7fda9af6d612cc97e9d47dab,nhieu-manh,lech-bam-sha256,b7e84730b6d35805eba11108735da267d24a35e283cf2b096763532519838800,43fa52e080c1535d8f2be8d09197bc30020dfb79b9d51ec2ff1a021d2a11c9c0
wsc-8248bdc24a71d8df21ffe3d7,nhieu-manh,lech-bam-sha256,ce5b49d7994312a2770130172f3a42514684f3b91925486c182439cfe60825c5,400cd69bd33811b58e16d0bf4bae5170e8d49977abbeafc33f51b22af6d54ec5
wsc-831a6182163c98f5ca7256fd,nhieu-manh,lech-bam-sha256,5f853617a8a9ae3b768ff141a114fedad0bdcd2362fc4e54ec201f15bd8029d8,2f4b7f1b5aa43ffdaa1cd1ddcc61ae4c5dd6b36e7c4d77bfb27ce6d57580ef28
wsc-8399c46944dbc54cb406f5f2,nhieu-manh,lech-bam-sha256,d6ebb9929814682f64dce2e99ffa6e24be7ecec73c105c066ee3fa0337760d6e,8111528c75caae7525173974835155295baab0d74fe0329fcfc515a02da6faf5
wsc-841c550e596405b02acca0fc,nhieu-manh,lech-bam-sha256,ac847007dfd351e9452c736122f7aa85a0fb775801238e756113156669a7ddcf,72b7138bc07eee49f94f82ac78d3cac410c0adea333cea93377d56bb1d591017
wsc-843d4c78354106aa63f64768,nhieu-manh,lech-bam-sha256,17711410747331ecdc600dcf608309eef5df81c90a9b9d805ac5647127720f6d,234e71a4cbe84a2a587752bf5a4d82874f92446ecd8d8463813ad52d598c7324
wsc-8458ecd9bd71aa7161285f5e,nhieu-manh,lech-bam-sha256,bc06cab7c69d9520a3677fa427eb8dea07413716073005afb509c76fac5d4d19,83d2cde1734187633b43b7a8e532b6ada6fee2f4ae51630d7aad7783d34df5f7
wsc-8542dc0b45fd92bfeac1d400,nhieu-manh,lech-bam-sha256,8ccd79ca1f24e486dd635c3d5b9de6eb04b9f65fbae123aef8ee2985c1a5a328,31f44b58310c9039c71c98e123014cdb9e63dd48fa10d382512ecb28847fc450
wsc-856776d9f52abcb01c770de8,nhieu-manh,lech-bam-sha256,87b72b51a58ee688ded8e5caab73a92eb52ee027e82f45a2bcd9c114179f5999,1091a22c4c738e60445a98e0fafa1613811da2ea01a0ef3be4a5e973b0fe2ff8
wsc-85767d5af538c492b57229d5,nhieu-manh,lech-bam-sha256,3d76afc202f0e6bd42b1cb28d660cbb97eb29d3fa59fecc425f781b3e6b062e5,755d1014578d3cf87c51e48224f4754de609e9e7eb3be97f177eedb034add960
wsc-85c52c3a94a508811c1e6e81,nhieu-manh,lech-bam-sha256,f669d75242a12c594ab3bf590ab47c9b395c3467395bb15873adaea2ce61b1c6,8040b42892e6c72c75ce383d039fbc24721473cca09415cbce6a9356f0e0b3ca
wsc-864a0f3fe5af4b07ba12ca31,nhieu-manh,lech-bam-sha256,04ccc4a09fdee94cc85445e554c18d7342901400facb124400b7053708088fba,922d8e83d4fb31e410b73fd6ffdb341ac7436fc2a19da8d98ac6cdfb9413d0fb
wsc-865ce9d83a09db055a608707,nhieu-manh,lech-bam-sha256,39dda08053e9b3a8dd7fdcceda5fadafee2766e47e7c034e2e203b36568a20e6,9c1120cb70aa1d5fd4358f2a7f87238aae1d2327579450bb3e222fd4ee210d43
wsc-86943fc97c1785f868e20b00,nhieu-manh,lech-bam-sha256,cc3eda34e3a84ce41c884308fdc6df7c7898137b737b0bf76399b84d8b414509,a44b992f6c61ab3885a216c00ebcb59c8a9a5f6e0d2d01455b621ff517c1151c
wsc-8708909fc8c5140efa7389fc,nhieu-manh,lech-bam-sha256,1fdf9fb5c955c3827b2f5171a72fcbfec3c91358e1a5d9e68e77b4afecf83c23,6fa0e8fc04ae65b3df237b08626c331ba9adc4de21fb7944696c6e2cb7b48ec3
wsc-87d4c88ab790608fbe2b2f7e,nhieu-manh,lech-bam-sha256,118d0b39120e36d8ccfead749a240368d207e669757594f283ce9fa0642bbd97,73990ce2e3032974686b421945fe996b8f86733fa48c8ad495f16f3acce261d2
wsc-87e68f77013c9fae3fd9a281,nhieu-manh,lech-bam-sha256,9308a95dff3b9980253b9a5a766b8a738a077f45d9aaf4c5e36f1e126999181a,2acd15f72222913698bd239752727a5d5b22f3ea841b7a408df44264abcf4236
wsc-87f9408a4e99965bdec734c3,nhieu-manh,lech-bam-sha256,891b338cb36f39b5e2e305fb6d66ee97111a60bb6e563afc02dc65043d7a5a3d,a81011befccb8f9c7f8fdfbb041dbb5ace39a8b0f5c83ab9cff2e7ef1c618652
wsc-88b9a732e3007c8110dc64bd,nhieu-manh,lech-bam-sha256,bdd097d4efc46b1dd778c55ea10980d5a3e31f956ff1721a048be24640e2e2e0,371e0515789918ca178510bff6479ebcf79199aa009bc5033ccdd8444e1373eb
wsc-894cf7bc9e15b9980ad7e6fb,nhieu-manh,lech-bam-sha256,9d32ac471e2df9ebdb81f453b693b0cccb961b83d71ef70b23696978446da1da,dfa6d06c4b39120640cd59389e390a1aea74cf9836bed52dd3b6df2a09fbe645
wsc-8a3bd0d172fd52cb192c6be7,nhieu-manh,lech-bam-sha256,3b4cd6f57448799396cf208144675e70e40fa3d819b6f70bc101eaddf4f1a7ad,7d3d673525c23a2678b2d45aefecd9656ec40fcea94f43a02caff144ae58c8b5
wsc-8b676a46c3aa4d9c7fd8c7cd,nhieu-manh,lech-bam-sha256,6659565f852291f1285ea9a91edaba13d75a1c2f82a4d07234a86faa6679bcee,830dc70f2d9ce6c9510a521bd19c33ad7fe9b92d678a73cbab6c6aa55b291cc8
wsc-8cc0793364bf7baaf4096f17,nhieu-manh,lech-bam-sha256,452803c42192d0c2563b85a5a25b4a428350b7df894e2e25cfc9ba718a40289f,2da879066120a2b64625c67469133a7abc783226eb12543b940f1c8717b657be
wsc-8d6b06ce2266f3fee2004eef,nhieu-manh,lech-bam-sha256,17732dc25ce14c482bc13b6487f1b429eb2727ddd43a3f1299453d3eac8aa2f3,afab98df5046ff0e16d0968c1f571bce3bebd47ae738834571bfb0d98b47f267
wsc-8e2693333287a273de212e86,nhieu-manh,lech-bam-sha256,be8827dc8f40864f722c3582fe93f2dfb3421eef0d3e9f754296f12d670d1c61,6e3e899ac8146d228dba1ec666619504df9b80720d508a8c2c75945b1e3c593b
wsc-8e77034be821a0defc399696,nhieu-manh,lech-bam-sha256,cd4b12851a3e84132c864e4e43493301f596e21d7ca5fc8100b339ec4209f007,c82e16817ad76fd86d1da9e04294e8d50a4667708ea780c99e8343430086fa27
wsc-8f01db2d4310a5f9a2ffed98,nhieu-manh,lech-bam-sha256,fb1962dcc7b287ad0c51c3f09f9d4a0555768e3a1ab56216d8cc6736d0e6c2f6,7dcf12bb2ca246c5e39e679c7625952507085402bc0499c62a3bca92a87298fc
wsc-8f45a0e3b812448038544a7c,nhieu-manh,lech-bam-sha256,54a5d84613a4c672a2aee6882e52b4ab207b7ef5bb5f900fe436ac5e4b68f0ec,4dfbc66dd88f827395e25a4489e39df6366999c34dafb71a6e82d0a9fcbafa56
wsc-8f9b210b6aa7127695267b2a,nhieu-manh,lech-bam-sha256,4a5739872607f690d2f5493d78e614f9e27c6262badae3522efda5468e3ec966,2ae1a8b60868e9a809bcad27e610da9d61212ad385ec198bb7fd599e767e0756
wsc-8fa4fe038d9a05d81b9eb528,nhieu-manh,lech-bam-sha256,c87623ebe0bcbecdc5a73e39bba1ce49dd989eaa283053abce119e591f279bd1,e57f7f60f65e42d30dd6fd41ff865b7369a6a5b2379c0fe56f896ffb297ff18f
wsc-900d495916697dad42a0e8dd,nhieu-manh,lech-bam-sha256,d3f9f9073a2d70bd0e0de2ad2afc97f8fca56076ebda921f5df46e12f3f3e363,a3aa9cb3caab2ffdfc3e08b98255f09fdb661b85e05e4c057ce9e509d4b0d8c1
wsc-907f7112286b9826029a57ce,nhieu-manh,lech-bam-sha256,6ef281186c02f80e789448c092fe6919b21d766c9be7f86368ce72fe08cef422,18531110308c02bea63a6af937a268e0e05d97dfc791cb3f4ace359a67167b65
wsc-90c0903167e4e2bc194e328d,nhieu-manh,lech-bam-sha256,18452abc38f60230e7764bbc30d88b8c108925441becdc12eac4e62b0e5d64cc,5d393a1f7396b612d304f9ae2955f526b22d0154a1d89490e6916936e73c58f8
wsc-916199a6c397038f05d9229a,nhieu-manh,lech-bam-sha256,733db2f2dfc62bf1c31ddb4514b581b7d135e3b43f2026cd7c8a4ee7acef8d8e,6a404780c4727a101711aab80262c28f0cf85708b0837f68664684dd74fdcb8c
wsc-91ce4d7b6af13d7cecec04d7,nhieu-manh,lech-bam-sha256,4ca013a53f756b98fc46c69102b2f88188bd98f0ffffa178b18eb49c1df9137d,2cd312d70e603f45b8b9f84ea4dc2a4153ce4726cfd61d56f5ec8bb4bc290cf7
wsc-91eca8a4697ceb4cd61721c6,nhieu-manh,lech-bam-sha256,03ba5eb59c9933c6f1e73c41b0b070800638b4d54cd32e5224f1c63ee04a7f9e,a3cc300fe89d17c0c83ac8bd9536650d7133c1d629416332ce0e58268961928a
wsc-91f40df35710a8f2addafc89,nhieu-manh,lech-bam-sha256,245b41b174dcf64da236c10a355d81a270d9916d63e77c3dc29f12a0ea39af13,e757aaf5a719e7d45d81a2a7aedb6c2447d5ad07219185a2649cd877952df8a4
wsc-921a2daef8ecf13210a5c3ff,nhieu-manh,lech-bam-sha256,c176570eddb47f647564c04a3664a0bd76786d3a5733a79f04c106c82f42906d,b73c2b04ce9d7b4ff6b6f2b47a79aa06ace7a91908e6a2828cc1433a37afa26d
wsc-921d7a6025bee08cedda051d,nhieu-manh,lech-bam-sha256,39126bac3ebf71f6f123e809ea1428070231a863dd3e5f9b96205d10005ecac5,426dd3032d4125987c9487f387e54e2d5e2618bdd97283d372e6dc8484d58482
wsc-9291fbad2042853cb55ceeba,nhieu-manh,lech-bam-sha256,a2a0be237fc5edd381419b691149bbd7a47432f2e5c5dc4eff2bee80028b183f,4de8b365fe182be9b68e76bcb3c786403fd7c429b81d128dfcaf4a541b27f6ef
wsc-92b0281626781ec129e28804,nhieu-manh,lech-bam-sha256,54e586cd861f650b2aa54a58a77504aedd57b33b3ac7a9eef19319a2c8e03ba6,ade9d655b2034ce3ff88efa0f0020fce1316f981faed428ddaaec8c03258b8cf
wsc-93a152e658d9e9c7d7577611,nhieu-manh,lech-bam-sha256,4662cd7a7028c1300561b2e8b70dbdcdd218189aa4e373415e6fd01adb6f80a0,37adb95148a7ca82a570652fe854ae0efed2ae825c356430cee5cc60dc2bbc14
wsc-93b4d09cfb820bdc9a04f258,nhieu-manh,lech-bam-sha256,18f5684da968c9133dced5e7124cb0138a769790288fab36318ce1ef8ca70f53,7330d7cb36c249ac7601188c68352d77ff3b27e9dccf659ef6e9187db5a79aa2
wsc-942e16fb891bdf307915ecc9,nhieu-manh,lech-bam-sha256,fd258aee8381f27b01bcaef48b3193037d41674251c6ffb17711987d66c97497,b6cbf4d32535534e08faaacdedd99bfe3d31d2b76ae86d13aa8fc52d3b088a76
wsc-952f6f2564d8ab725da0c2ce,nhieu-manh,lech-bam-sha256,93a87c15bf2799cac4760175350599e79be490d988cbb4ce810a9a08b8738e3d,10b8ee5030815054742baef9f8d4d01f0e99e48a5a75737934a50f3b0898776f
wsc-958ffd09945cc203c4d139b8,nhieu-manh,lech-bam-sha256,a9a79f848518fe8b70c4e7f09efdd2f93746af9a8d90731d33ef2cf728a6c252,9035e90fa15705279d43f7bc45ace35c1076f4fba85d1a14a790b84b1729ab02
wsc-95d4fbee8924c4dccc8711aa,nhieu-manh,lech-bam-sha256,a09ea086e180c077bde5e4809af53da36a6fbcf8bc542734cbd6003ec0d6a7e2,6448eb3cf0910a22cfe9e45f9bb05fa80c607ed222d641e529917272fce2099e
wsc-98f1a2dba280d680dfa49eea,nhieu-manh,lech-bam-sha256,85f305256506775e54658d94562b7efab3794c06fde278b621e4dbfa91b79db0,21e83648ad53eceb10b5525258c8f3f6567fe90cb8da448e465e18fe286f204b
wsc-998b92e8af5c086557e8797a,nhieu-manh,lech-bam-sha256,54031e0dacfaecf1ad074c0c63036d0757fb30b49e04ac76db9b130d40670012,a16d4ca4c052892bc14a1d4b8d70bd8c87c6d32fcde7616a4204725306199462
wsc-99c84a9a69295ca7b518259a,nhieu-manh,lech-bam-sha256,58f37ae6371f248d494bb06399d79bec9891b256bb9e5ebdab73775e6f228aa2,f8de0a6dfb5c5eb38c19c206c72a73a4d9304c79bf886a6969873ac8d2760f42
wsc-9a89ee076ef452c7837435d1,nhieu-manh,lech-bam-sha256,f1bff373d07b17f6d1cf611216aa343b99f13857a2209275db5a50c2ae53a67a,1494d7673b6c7c11caf3bfa18c146e53816203ab71910ae2c81e125cf882ad2d
wsc-9abdeef3c1bfc6c3a09df1e7,nhieu-manh,lech-bam-sha256,04a4e5cdee95c07004fd53b575ca7fc897aa99b1dfa15ce7817865605611b09a,c53b5bb610ded0ca902e61b0f352c2a9bec5d545f3037027fa536a5e8da58278
wsc-9b0f3c85c73cf74b5dbd8bef,nhieu-manh,lech-bam-sha256,4771c9c25c1b1dab0b90f991ad8e3ea65498d047e380e27050f3f8a5cba263b5,09ad6165918982a68743d33cecf055c4c398cd4d24cd02185a6dfd512b4082d7
wsc-9b72e97690e09625f2f4367b,nhieu-manh,lech-bam-sha256,75fe87b3196b44fe245f85b40720db8a58f007299c13e5099632957a577b3769,2bf44e5250f28af701d3719c50425d7f2af1b3ccc55fc4520d63981145f1f4fc
wsc-9bd46ef70a6555cd11bb15c4,nhieu-manh,lech-bam-sha256,601a6f5cd6d7808d3c3895478fe5de93c5faee5d484474025224da97ca4658f5,34288798b174aa9f40155863eacf99282d5d567c4b4aa2ae619c20d6445a3863
wsc-9c82b1ca2e1898a8d9d03e8b,nhieu-manh,lech-bam-sha256,f63f6a7d6c5cb20c5a25f7732df9d45e05d475a2785062b31e98b2e2e6b989ac,01853faf1c2f432ac272559cb0c8cc4cb2c03238795f892d350deb8b6db4da77
wsc-9ce8c5d23d9755ce1df19227,nhieu-manh,lech-bam-sha256,7c936b5aabd7d48dd422d1277c184ad321293b8cbf966a787bd24ff1a3a5dddb,ce79245bf8740101967153a79a53d52eee47ab8c60ec0557a987ee3396c12da0
wsc-9d4730c1e88feb3aa3294e8c,nhieu-manh,lech-bam-sha256,82a15dfe76167a6f99c0083271e786a7555d73783ecd9fce5157f0a681585e01,025b94c3ccaaf827f48c98259969667537f6390fa1f23d21c32ccca910c5113b
wsc-9fd0492ef499048e300e36a5,nhieu-manh,lech-bam-sha256,a84ef716e2e234a3207618b8ce4b529591066cf624911da61e322f1833f7c206,e48ea8e4d9d661fb9fcaa610a35546d0d8dbe5f6e40f8b4926ca22d296712f3d
wsc-a010f8f4fc78f6eabbaf4dff,nhieu-manh,lech-bam-sha256,38f9ee51c99e1281a43e618e6650bacf7580c45b7bc473c767cac0cd1a208f02,3009a4115afee49ffb19b893ba111d57bb02d33322d248086c194fb7f672bed4
wsc-a027dc74a6fb4b600fff5430,nhieu-manh,lech-bam-sha256,37a893165ed8e0a72438174eb995d45d4be4a55cd39e840f8968b4bcfa81b61d,844f679694d255223edaebdd0c26de581c795f4e0a7c9dc0a24456a8b0ca2f35
wsc-a0846d72893f8d178f0d50c9,nhieu-manh,lech-bam-sha256,290b1819fe3b5f94f130969dd51dc33a20405dade6920f46f65a7ac224ae8b05,3f38bd7f046cf9a316c5d1686f67d1844524050669a26b32e166d54ba4ebc014
wsc-a1b8eb7507269dd4f862f709,nhieu-manh,lech-bam-sha256,569b9bebd4c483d89ae81682ba553c3e9673e81866c487c28d9db61efdfc7349,7cd70a454055812fee4684e7b09ebc7675302b834e266a7496dc4f545d986aba
wsc-a422421f0162693ca6d6c829,nhieu-manh,lech-bam-sha256,67ac3cb7ee85b53a1b9e6f1b01ba6f5003654f76a5bd225e953a3c49267bf118,9ef930c1ecb22762c6ec473ee66da8e3a984741c84aa67ef9b4c54b0b7bd5513
wsc-a6056603cd9e2cfbda3b9ca6,nhieu-manh,lech-bam-sha256,f3c2f0fa9b329ca5805f906ed269413175d1cf193d22ffd293780e2510ea7699,2d7e63a83e675f9f59c5bcdbc16a58670715643955b2b9f86648d91f42ecb0e7
wsc-a629562965ea15b806bd8ff6,nhieu-manh,lech-bam-sha256,589c02268301a18caf0f35056d7ff6ab5dff9ea530785ca7688b708bcc56b6bf,4c695302c6dda8730a0a8b826fd394a923e299f8931fe5e28b29140b7b4d42b3
wsc-a656cc0d5bcc128c2eabc3b3,nhieu-manh,lech-bam-sha256,ac8da7a55f981ed448f77c6f9b4d03c33af5e1b0aeb97dfebc6b30c1de4d62ce,f664bc6ce058c75059d18bc714f2b8cab400b96b9c17e7b9e5bff403a4f383c1
wsc-a760bd10e5adc9d60f0546c7,nhieu-manh,lech-bam-sha256,7b53abd9c8956affedbffbc912acd2dedf681d298dd0f04370c5a4f95ba346ad,dd1de4736e43649160cc93678c10c4db8694ef73c0cc000b2fb8d3c498f77246
wsc-a9448dfc107ebbc20dd951ed,nhieu-manh,lech-bam-sha256,12379d5ebf530778dc64d345cb66730531da2c3cbfdd196171a422b41f89ca38,a938b26e7f1f6b915c9d3c42f8c7a8b4db351a4ba76902c235f0f4ac5d10a969
wsc-a9752345da37158016836bb7,nhieu-manh,lech-bam-sha256,336f786fac99abe8a139341cf8e2cfba260747ca244bb0114014b8bc60bf7aa8,1bb13ca44ae256030a5fa2fdaff2d176c0bd10b4f6cc6ca39c9b715c01260ea4
wsc-a9dafab21d3287a9cea74290,nhieu-manh,lech-bam-sha256,d5f1bdd6acccdf73e2fe533aaaa2b4799dd1737da9e3000937cefb3e49523a14,aeb1231dc3322a31e8d6087bb2535e074f65daf199cfec367d2fe8e5ab39eaa7
wsc-a9e56b8f8a6fd79a38d2eab9,nhieu-manh,lech-bam-sha256,266758cd506264ed4d2e93386327a961dc405c77854ddb655644327d36db6dcb,b61f4835b44f247812b4295ad17e6d8221b76e50faf1616e294af350b284a318
wsc-ab3c54ac9b8321fae82a5ba7,nhieu-manh,lech-bam-sha256,425a596fcc5cfe550a9d8cfa68b2dc0831119da14bdb17d3b835d526498b4cc8,f41b9ed846f93935b4958dab052d3a95314be1ec1920bd737a0356ea2b2e4707
wsc-ab3ed0277c9e671ac3587bd0,nhieu-manh,lech-bam-sha256,91dba9ba27a0ccfdc16072e996b73b8f24e1849b694144358f82ec7fdfa2197b,480d4da5e3045a78cdc0cc8d54380a37092cc7e608567bb8d43175aeb9e5479a
wsc-abcbc33f243bd0eef6e3fd55,nhieu-manh,lech-bam-sha256,a1e1d933858b1b01981b8a26b4ed2df574c72cd96e1d2fed36f6e5e3d2a365de,594683f5ffe32ab988ed7e44e85c7116ba67212d44e08f625de04ff26b0aca15
wsc-ac4003964ded9ce76832613b,nhieu-manh,lech-bam-sha256,e86777150ed223b338f018d66d7c4a59fa38cc6e9ad7721dfdf33071bbf98100,f21c4cf050c28994d6026f14bf8e193cc898d9968370d79d237e5a80482be1ec
wsc-ac6edc7427a6faa961aa30fb,nhieu-manh,lech-bam-sha256,3b5a50ae1546783b2b269f0674863b5a6690f7943983ad890ce19d3018361ea4,7ee95e13de1fd37702643fc9ccd06497047df747965ed7241ced947d423d6d97
wsc-ad59d7227ae8d8ae5949fe08,nhieu-manh,lech-bam-sha256,93cc218079489e36de87b255c384692aa3477d49ffc54057632d8196379ef112,79c7cc288b616f7f3b602daef166a7254cb078466eecd7d64401bb0a030bfb3e
wsc-adecf154c98b3e3e80b04510,nhieu-manh,lech-bam-sha256,9d6a70a091867c723b80b5c1be33decea0220315be8d72018ce2b9b9daaff288,4e996d465749d0f00dc55429f2777c0510a4606afd8f350570256ad2e1d3f955
wsc-af66518377381816dd1f1941,nhieu-manh,lech-bam-sha256,5623d7ec7fc8ee6e0b56e1009c866f282e001a189b474e3a264c9fc9c1e7e491,f60ccf6792736cebf5c0754f44a6ae5e25a13966a790c63e50d2280d3b3c3efc
wsc-b0217ce0f1e8c76b33cf16e1,nhieu-manh,lech-bam-sha256,db476b0d42d6294013759b7e8b2f1f305bb817aa8e21eed29cd946bf28db542f,7e17e6dd6562dee47ab665d344ab2a32333e0a8b00c042164a84d065c7331482
wsc-b08efb14d63a9f17c55118fa,nhieu-manh,lech-bam-sha256,f2442100dcceddfc08b26133791c6205228948706a10b2d7677ac177279c2924,ac0b07de4fae403748d12cabb76243d07aa2a4cb694a9a876b2d384af9db54d2
wsc-b124bf7cf16c2ffe0bd1518a,nhieu-manh,lech-bam-sha256,ddf96ae6236d750fffb07b9996dc4bab08e3de1517f6476098e4f2f6c6016c3f,6fabc84601645f77422afbabc7a202ba780c025a2d68e710683002016bc5aa38
wsc-b1c531995a5eea7d42a66a3e,nhieu-manh,lech-bam-sha256,399a647a734ea1ac57e7967f8c195046be27adea230d711b3d39d341a3ab3221,857be2e6f57849b1bf5477e820265ddeb02a504af1680523e118496682dcf036
wsc-b204340ee659900704027697,nhieu-manh,lech-bam-sha256,89c2518ff49d7abdb86c09e04babd5eaf602ff35c8dcff40cef8673ca0ea7aa4,f7b42f7e94d55496213bb3c528b1a71b3aa2d11bb7a7c63d7d0f3fc128a90281
wsc-b2a1ab94a524417179cd144e,nhieu-manh,lech-bam-sha256,1851f6658347663da60bec760887b91ae9973e7a38018c0730c6e1e4e609a059,2c7b287c07013796c02ffacb3eaa230cf15fee928b53b1f9a8ca7ab366dc56e9
wsc-b2e22ec6dba6c50078d14b2a,nhieu-manh,lech-bam-sha256,244adac1bbfab0f053f5cb4adcd4eaa6e7df66948858034b20687bf31c40e4f5,ec0a89bc5ec064d88f27209283830d0ebf9fe16d454f5150c5a5d61c5e3b0c27
wsc-b3d09ea354571834d5fe2dc1,nhieu-manh,lech-bam-sha256,397baecf72174834c7731956d2f1d64bcb01d9293db7da04f74a23b3fcac74e9,6b98ec59e7bb1e35de984ce54ba36544bb17341df91457b63a42d9ac86309ce7
wsc-b422a5dfbfa005d4e4832e5c,nhieu-manh,lech-bam-sha256,3d54c572fb83294658bbaf885511161b1ffbdf3bb204c4a62e9060ab7c7ca665,b01570ae94184d2d378258aa2026adf366e1177cf3f5dd913ad8a586a22be76b
wsc-b4cc75ecac2b2dcd7e2471c7,nhieu-manh,lech-bam-sha256,91e2160748ef5b1bb70042622e40a1009b54d32d0f5b769813ed7eb1c0e85fb9,ec6c83976000814a9d2ba8796e8928c2690dcd9b5453c8e4f3b1fd0567793678
wsc-b67a8ee411273ba936aa6e3c,nhieu-manh,lech-bam-sha256,d5ba66bc40623241fa358f06c519181d86d717bf71f057065793683d21263b51,e297b320dd61e5a992d99fbd4b785328cac6b2b938e96541e286c67c2d15096d
wsc-b73034ba9fc77183e1e0a3de,nhieu-manh,lech-bam-sha256,74f5ebd3f96041eb2edf98a84242fe1ba7912884c5ef607687572bc1558f1ac6,1960c2ac7a9f08932008765c16972ee127a00a0f868fc90e6e0558e46b035566
wsc-b7952d78731793540a69dcc2,nhieu-manh,lech-bam-sha256,7bc6f5a475e0f5a281ecba02effb3c36d574d31b7ca2495e48f626c36a751e28,bde2712926818f5e631830692f5ec4df6489842ad9d47f2a9e24ad8ed4ea393f
wsc-b9a7cdf1be485464c426c840,nhieu-manh,lech-bam-sha256,9b3618b9efe8e1ccd6531e2dcca4e6288db6389ad499da4a94de2b67cd2fbf7b,07518cbf77d380d5b97bcb2a97f8979e5cdf4bbd29f5771b5092d63d3cb638b4
wsc-ba1a2263c71d445eddea1776,nhieu-manh,lech-bam-sha256,5373ebab5e5f5afa33096ee7fbc443dd73bff1b415456d8641b856bf3bc3d7e5,f1ca142aa6752d91c3af854267677515038a6ac92625b4342532e2dce5fa94fc
wsc-ba94accaf1209d4ef686dd8e,nhieu-manh,lech-bam-sha256,8b0598577be3ab6f5dbe0c7eac58397dfb4a29d7afbdbf6d341e7815d9b3036e,6aa5d3d68446ee23198f487acb95d9f2956b6e316567e5354b695c8802287767
wsc-bb2f50ae6ea94abda3ff5b89,nhieu-manh,lech-bam-sha256,7ef4ecb52110f1b4756b951874dedf5b7acdc9a3ea71f13876cfce08cbc7e6bc,ab22e04d082f879a6a5d88dca48bed4abe16e1e0fe6eece7db6b51af0eb58561
wsc-bc1d92dd29eb4dce0d0fc742,nhieu-manh,lech-bam-sha256,38ce6efa1a12bf81a7ded018ad2deafccabab41d8b3f8660fb1def085488e48a,11caa1a2249d82ed56fc5df1c1700df1c61d7865b7529808db34ce70685b3434
wsc-bcda9f863324d162d1ef4917,nhieu-manh,lech-bam-sha256,5255780b4baeb9d792e7942c14cf674476508f2e21ce0e8ff7b6a69d1577ccc7,66f6f2f8363a4ddc2ab49f3887e7ea9c3c35e487aead3ac93aefc714d2a6a9ce
wsc-bd169223852e951cbdb30f5f,nhieu-manh,lech-bam-sha256,93b8f4f1c18c04b29bc89be57f869039546ed0faf5d6b6bf765d0c1b9912745d,5324058204a04d8328e0ffb0633fb498f2c15345e510b380ce90f874fb05c943
wsc-bd829b64ef52a3d76ff1747c,nhieu-manh,lech-bam-sha256,b09ee36fce64b8d3b50e99f3d65ec133ee9773ab51fca9eb14d71992fecdaa94,461cd5a67a737d4540731ce69ce4017eec90f532c5e64763218202c84236f917
wsc-be3445add4596246bda91ef8,nhieu-manh,lech-bam-sha256,39c463f87e514fa5d3aa0ac1eaee84ef50ef77def1b814f2de5d9955815768c1,f0d946ad496ce895ff5ab96517407aab7c15546eec196018561c90ae1f8681d6
wsc-be7eeb5b5d407ea971154543,nhieu-manh,lech-bam-sha256,ac25280205903a02b70716437283be169a9357a225c3a61c0988def16d846503,0b917097167e022bcf456d60b12ca2586fe6742b3bf2e2d803579cf93bd80032
wsc-c0254596778177ec957c5b6f,nhieu-manh,lech-bam-sha256,898f6fdb950a5ee899ddd019c983a784a750f1d7ee0b9857e56515adaec77d4a,8320fdf04d7ca04d5bf45edf179079320c50a674e2291688917aac72288e061f
wsc-c043520b00c14db807ffc0a1,nhieu-manh,lech-bam-sha256,94b318c89ea5ef118e5eb28550d67ae786165108fbf9759f9dd5febab9695363,0e6608a77129e92d1d266d0fa41037032ff547ab1ee5f79b84a6e873fe09ddd8
wsc-c0e9b002e02fe7365b8054d0,nhieu-manh,lech-bam-sha256,114c908cb95461173300957cb59241d06c8a3ec873d5bc49c535db735d34a1a0,721c2cf2713f01bf709fc72d24adf214336662287119f3e84ed0978934cbd000
wsc-c18dcc9ac98cfd1c61aeb358,nhieu-manh,lech-bam-sha256,bdffc3f3f7119c48cada3a999d5844e343370c905c506dade3ed2268282c3990,63e6db73cf73370d25212b4d2880b088673659a66d2fdc7748a54d9487326df4
wsc-c1d4953ed00e0fa2c46d4abf,nhieu-manh,lech-bam-sha256,d67510ab08f7da59b7a7193f793d932292dad981294ae9fa880cfae58edac9f5,50c06c4e4cba3577b5757f5356820b6bfed2c0e19737dbccd3f4985ecc590b1b
wsc-c2719d3da28bcf84b92af45c,nhieu-manh,lech-bam-sha256,16c02fa349675b2d06f314dfa504d1fb2969d0d84a4f5a702b6d797ec3e0ac16,3bff427116ccf441d3002275b3ec4d3ab1cd5768342360428b1142de237ba54b
wsc-c2cb0f8f952f4777a2d305d7,nhieu-manh,lech-bam-sha256,cd0c670d94efb2beabd18b038e977b159d55e47810f0293a4bdbcad6b434b53f,e77ca28852ede8aedae2c39b03491c0618b120e80a6d70b242bbab39afe936fd
wsc-c30c3e4f14dea65ed0d89754,nhieu-manh,lech-bam-sha256,529e3426951e552fde6f1858a5d66b4ff6142e2a8ef3947a1264a99341a58d33,d272c7c1aa07f0129421f3d7c27242ff64cb74a6a46c36775c0153f20b1b35ac
wsc-c377fa58f234749851bf88d0,nhieu-manh,lech-bam-sha256,795b3fe0c7c989b3c98b0db4579381148c2dd3a7c1b83095e7d7908fd5437e80,c74e46244f833a105fabe70607cca9f1c078ce7031ad9916bcc2445c87271025
wsc-c3ac0ce863b5204e2dd16151,1-manh-lech,lech-bam-sha256,07b68bdd07cf466885f5c25d7656fe06c6aa74eb0c3a5056c29ee0fcf1b3e0a5,0e96d7ca0e7330548767cd54390bc13bb7bfb51b5bb06cd37c174867ca17b58b
wsc-c3e7ff49251ad8ff24cf613e,nhieu-manh,lech-bam-sha256,de8ba81dad0fe6a845fcd1cd5ba12ddf327f11599f92cabff6cd3b36acf4ca23,c45516dff07c91972dd9e1eeb9493724b048e8fa7e790e4938d05138e6eea151
wsc-c4470e2a1b0f67333f6075c4,nhieu-manh,lech-bam-sha256,314cd0161280c6cec339b0ba2bfa6f7f7c636bef00607be43fb27b970faed5ac,a1297a9862c15e7baa94de47b052e015ed097e12925b623f0a47193d72095c18
wsc-c5654c099fc04e2360e630e7,nhieu-manh,lech-bam-sha256,3ac89c952252a106a0585b68f3a94933048ce08c0dcc9005b7e126be0ed9ade2,afbec81ce9cc7bedb1a2ab78bfb28544f68733c91cbb88b9ab32ec18b14aba48
wsc-c601aaa050ebde0946ac6e41,nhieu-manh,lech-bam-sha256,a30bd78f54ce818b16ae77e286559f94be0e7fa92853ad3915c1499053f1b009,eb203fd7602732b31a8d652a660d4c5354aa231411e3d0746ebc2ec2002cc628
wsc-c634eaf0e81bafad4a4b7f51,nhieu-manh,lech-bam-sha256,35489f9a84408e9f8325271102f1d78ddc1d4aa233cafd757832700fcd06355a,8ea057e7506cf866095fb999cb08f12a70f68c10ca0f1d25e804d216ad376b6b
wsc-c648d96d66a2ff7a796ed10b,nhieu-manh,lech-bam-sha256,96a135a1d030da4aaf5fd428c17fcabd1032a3f03a0bb045ec92c31bbc89fe90,12b103f4d09a6fd8ae5a2a6d092418563847d105a2845a9cd1a5292d67f2d7f1
wsc-c740667cfb878ee6c842b4a7,nhieu-manh,lech-bam-sha256,b2d1878fc4b454c85f43605765ba12d873cf83226284b6b9e1f417cb85b799ea,dc6216f9051c5d4cd857632889ca1caab88d67806e838c53c5d82753973200ac
wsc-c78a13819fa1ce6002437de7,nhieu-manh,lech-bam-sha256,1f3002d870694c58477b3671012376765b4d0e8f285d7cff3a9696aae0b7d10e,7c766be26e7ffab8f183f0416b5dc491d7e7c695e670f74b00afcbc5e5c63727
wsc-c796749fb56c6558d4a3006f,nhieu-manh,lech-bam-sha256,fe960e7dfb173b96bd9b81875ac757764cc7fa25129a617ff47770dd35ebe8e6,771250cd6f4440517ab2ce6578880713de0f3a887b23a83d41c7f3a369e86779
wsc-c7af7d1a39f4e37f2174a4bf,nhieu-manh,lech-bam-sha256,7b602179d9b028cf6825565ecf9932d5a06591f6a0248401018f1532a1cba52f,72713cff1cfd6dcde1bcebef0273cb0a67d7c1f601eddfd08084bc7a8ef15088
wsc-c7f5f0737a41a7f8d1e8f734,nhieu-manh,lech-bam-sha256,fb8308a3f5a8289e89d87b8bcda6837987635fb58c125daef92bcb583beb3828,374298ba2a9104de7d7fce935ed873e954ee646c326c39b59a590c8a5aa373da
wsc-c86111fa5390875aaa5fefb4,nhieu-manh,lech-bam-sha256,e3501f78a426a4037d6e564c02865fb3e17e140d3fae6b07705fe8d45b5ec78b,32974e9c6ee5a1b8ac298b06c0e862d67d9e7d47244e26c61062ac1f0288a960
wsc-c8cd3fc7721deb12af92b5bd,nhieu-manh,lech-bam-sha256,48e161a93b93483fbf3b6c208666acc345a39467c4ab371410b188344e4de43a,db4ac2554f19a7372cda3fa4dd10d62f11f430cc915d57b5a1e729edc908b658
wsc-c903cdc836408d749261e9a1,nhieu-manh,lech-bam-sha256,0053934d8588483cd6918f18a1d46ff0a216b5388eb85baba24d683152c1ed00,b7fa21f56604b859fb5d485e15a05f53fe900f080bcad2076c1cb775e0e475b9
wsc-c961124d57a87b233f3391f7,nhieu-manh,lech-bam-sha256,b6f92c29c9f8f72963ce45d0cd1ce50576efed08586e1dff5080f037b6002005,b734402c8512921cc6d6363e891045aa94bbba0f0b059614ceadd3c8d94df996
wsc-c9d0a14c3c7adb78ffe5c785,nhieu-manh,lech-bam-sha256,a8dc691216cff4f47b3b0fc6fa952dbcc7affc345dd3b2c78c5b8b45b8e2e09c,12c547f5c68b200699424671f623eeaa63fa8b6d578088d4c7f21277bdd8cfc0
wsc-c9dca0889867430a81dd73f4,nhieu-manh,lech-bam-sha256,959eb096906d1ece255121b9b573ea9e5183c17d1fc6f77fd7d67828067d9848,26f80ae7a71b8817fd22967ff09fb566ce854384a6b38599db4c3a05685b20a6
wsc-cc13a93c2c2cd621a8487e05,nhieu-manh,lech-bam-sha256,ea074468464a89a0a63c7ce36b5f4449e3b00c5c9b13b64d75b045babde48638,c3e9df975bd7aafcea02c32164d749e571e1671fc0de06678e717bfad0dd80a8
wsc-cc8f350176281fb128c76910,nhieu-manh,lech-bam-sha256,8dac787a8727fdb13468eaf5bc7f10b6e284e2bd5440a56f198bce0699b3b393,23b357d42afe79dd16daa89a69935c371cdb631fc019aa0cfb4994a579081b86
wsc-ce0597d94b5fa4ef43b550e2,nhieu-manh,lech-bam-sha256,516ec3c3d6f2d601cc43fb03b924dc8cedf96b763071b496e961774d66035c65,45045b407e28acfa8cd06819249e109c8e6f9bd9c92f5052dce831f1d824fa00
wsc-ce948fa79f1da30cb6dbba00,nhieu-manh,lech-bam-sha256,2943d3fdd1da82f279ce0a0e96b361225290b9918bc25104c015edbd8a791693,dd5bb3a55341e35f2b8b12881b441cde7fcc002edc20b632555cd4f890833664
wsc-cf4294695747f2afb93f33d2,nhieu-manh,lech-bam-sha256,048364fd729000d46c7dc07625a0131ca6958a3893e691936f78a391be1c4f83,0d38b270fe7d44b8748f96de209d3a110e1dd9f5e4f8ea5134ec265d458d7825
wsc-cf65eca7fae5dc7cabe71ec7,nhieu-manh,lech-bam-sha256,899e4ac13a5e80dff126a297693cb45bdef42b8beadc0ce4507af6ee3596c82a,ee2102dca9c24db9c8b5ebd7bc14c6166507e3fc0dc05bab3d5adc0e28735bef
wsc-cf73f1b9477ab2cf4349af0e,nhieu-manh,lech-bam-sha256,c3fa5f6c7842e26e539c6dc406d79ac26a3596b672838f113e84ec5930cb492e,8524a0328bb43b89ff92d126138d70b80da5069f63d06bfd71c89dc35eb8db60
wsc-cfa5c7450e44172eb98c0089,nhieu-manh,lech-bam-sha256,57bcd8542883241d7447fc7087c15863587a2ed3f72e3c3b9ffd4a49615bef8d,2b798502af88bdc14cae79ad274a3650820bb5517fde586ea94b54d8857a65eb
wsc-cfe180f30fae3c031ffd5951,nhieu-manh,lech-bam-sha256,5dce633ea9ab10c4c6b05597c86ef4faf5e9312cd488ec60fd51ba324b3c6569,ac643309f82f3ee35ddab72bf76b2303cdf832714fbd25938d2c7bd391778b83
wsc-d033c2b9d2357d76e850dc05,nhieu-manh,lech-bam-sha256,1858ba10d1b1e35081e6ce2fa292772d5fc601047fa7d9e70b00bd7313db5a47,6872a547e780dd3af1d64370d90c2ed4a1a51ff1e22fe408e6cce3fdc9efdc52
wsc-d06dec181562d253725080fd,nhieu-manh,lech-bam-sha256,74e6397e7522441f58424456bd898c884a79718a81f64af33259663cf2833baa,d0b7046055fa234ca354076dbd9827cc97c8b4f4804d28a3753af6e18751d913
wsc-d1582dbca5c82c737612268e,nhieu-manh,lech-bam-sha256,717bc96d3fdfdc8c20b4993c209ca3a1334ed2ed74068d626a9ddf5b92739635,c302008f9b95060b787568ce58447883dc263d26fac935fb6ad6086f745c9e77
wsc-d1735009c665ba4d305ae6ed,nhieu-manh,lech-bam-sha256,83ce895d86599e959ec5c7db74fd063c34050369e6eba2b8d19aaa40f92d14c2,2ca9e05754a58776eb8386a5da3ef84bd493d0b2ed5c78e31033511f9fedca68
wsc-d17535366b5acd16c41ce29e,nhieu-manh,lech-bam-sha256,2cc99aefa377dda290638bcc14d7b58c9f1e32b97285a7f8a747a7df5c81b03e,339a49192b4b7ea48eeb998c055c94b97f9e615ed4baded87383b8b10208a43b
wsc-d182d6a6892d8de0f50133b4,nhieu-manh,lech-bam-sha256,a8c2b1d721b42956366df8dca18dba91fa706ed5fd0c7a38f663f6e064c22661,368cd15570802db1203c52279af9936b4db4c9d1977fd3fdf46f072363e46de2
wsc-d1a2c5999f4354c2d267aa08,nhieu-manh,lech-bam-sha256,543c766751492239c51c2e1e54f10dfef2d37685c7c2fe321280c1cd765e2380,a67391c9d9b167500a12e854f547a37cf90821d44177bbf6c3b5acb8b6dac3d5
wsc-d1bbc4c4d0bf7ca8127a6634,nhieu-manh,lech-bam-sha256,a65f99b1ca4cfb398b444019243319137370d038e8143daad1083c50388ac238,503248b8ccc516940b4f0913c4975a15737a5b338b4b8ffefd67310a09ede0aa
wsc-d1c1b50a6c36e842a76867fd,nhieu-manh,lech-bam-sha256,404aab3bab18cc5d75df8a1fe5b14beb885f8ef0bf4f84bbf7ad00094a2ca383,82c46f9f99759998a7bdfd5caed99f4a9d3f4b51ce04ea6c343ac6d89235f749
wsc-d1ce78b7d1767f75dda42083,nhieu-manh,lech-bam-sha256,9486fa9d0e5613a586d754b8f37f0d75a91204325a7849f4c0a032d566ac26cd,2e6ac2d5db4e1469691e3c9ccb1d57dff0681e92aa41557af16a470c348e23a4
wsc-d28ff291fef726c2171ff1d7,1-manh-lech,lech-bam-sha256,a7c14ca8ba5e1da2983b681ca8adaa66e2c976a55a0f2e43882918ff3352bf9d,2506e170ce897d60465c04c2cfe28fcbf10459dfb6c2fb718478da3d1611a105
wsc-d2f571952e88b9b3305826e0,nhieu-manh,lech-bam-sha256,914086623256443818a9ded1237ec1446adbf4d444a18a4dfd14f9da8dba46d6,044c39568d7cd7e2f09d164a8ef9fa6b92130b63ad2e1e247707def4c22f4f0a
wsc-d3cde7ece9ec0806ecaa792f,nhieu-manh,lech-bam-sha256,57f314675b05f94cd7fc071a3fc364431b82c5e73cec9fe06e0b6f8ffceb6d2a,57aba00783a435fa0347686e7bf78ec3865590f3ed9bad4c149d37edbf0e5b06
wsc-d3d42ae454d5dd661cdff4ea,nhieu-manh,lech-bam-sha256,8c7af532da559c1bed9b0ee02afdc92e50c9e9e6fbd06765e4de545bb3a5acd5,0084a1756341631db227db4fab793cd992e2b31286bc7d4cf50972a887a1ddd3
wsc-d4e602e22bf25b3afea16ae8,nhieu-manh,lech-bam-sha256,dda9246e1d5f6b60d19e409af4ac0a707050751cc541f421efe9ac2b99387178,5ceb4111d8eea9bf3e8b78c0c577f7471e6a54e5021e3ce8fff6eb9b60802ac8
wsc-d50142fd6818b4cdf2a1385a,nhieu-manh,lech-bam-sha256,6cb194f9aceed51789895291e70441abee3d6cc58324f12bbacdba48b2b5d517,b1472492099c171d444dd6ed49c9e14485b61785bbb97800b791e43961c17960
wsc-d565ab5246d84ce1c0ede464,nhieu-manh,lech-bam-sha256,eca4ee186bae84a4e093672186339d0276b206b5e880a5321027f390d736079d,eebd603312c33c205a9d06b597fc71d23ff9dc529806a67baab0dbfef8f7bbfd
wsc-d590c4effcf23f50b86e25ee,nhieu-manh,lech-bam-sha256,85fb58dbee5b67691aa81e88821027c8815ec89872898de6484b279935aca91d,30e83ebd065d6efa8519e9a938e4020497ee5b7a0a35299ca5ada32d70e2ac99
wsc-d677b1be8866b7495631a362,nhieu-manh,lech-bam-sha256,542ccd77ea663f128f2ce42f85201a1b521133c8ba3a81dbdadc23e0b889b9cd,ef166a0359c220b8c558206af4709015ef39b6d4074fc3d8b99791bd1bd34891
wsc-d85a82ca311641d56ef9c06b,nhieu-manh,lech-bam-sha256,0573401674ddaaec8c037c7b227f80ad08db3d56d89ace21edd572b6818c8f0f,f7a6c8e49f3e57e22704dd7c9d510de752edc2b128caf915ab7dde07f9505250
wsc-d90f8acf1edfbd5f21ef80a4,nhieu-manh,lech-bam-sha256,5aafd035b595f0a4596b01ff32193421d25d5f6359bf1dfd757fd20b976294ee,6f61851ff40ba2dc04ea6cc5bdbee5f4a9b939097cb355078f3b19bca22953b5
wsc-d9e35041318fcc6ae5050630,nhieu-manh,lech-bam-sha256,9fb4b73b3991b7bf3df38cb8d650172a655c2313d3bb0555ea0f598b98fab29b,9269df3305cb5e423c10bfffe036510287709ad1551fe245214a4f8912a8b195
wsc-da34025c9863368d6d45baed,nhieu-manh,lech-bam-sha256,bae85dd6d1ebc58c3a0040769c8a3917ebf9ec7a80b76ee242c70b9ecb1c4bb6,a9f8ca0e389cc28cd08a4dd59b84468bf967bd3282fd1e6d639359b75f921fb1
wsc-da631a8393f534bcdbe55677,nhieu-manh,lech-bam-sha256,06e605f5ea175cdb020e90f941aef65ee98ce51f8237ddc417c929e7464d31f2,6947dc2d5f8de3d8a53138a8355ab0c758e676bbb09c0bdd4bc143065188fa76
wsc-da9dd616e97a5ad5eb253315,nhieu-manh,lech-bam-sha256,aa63bb06801c73e73ec181b1f038c1b48d7abe5e2aaef75cfa5ae471978a5945,992725f5916ad740d2df80eb48b367673bee1a86a2c11c23116fabc83c9cde66
wsc-db175ac176b1f61b1d7366bc,nhieu-manh,lech-bam-sha256,8de49bc0d8b9977abbc6b7ad9feef70fa3a770db69709a4617639cd5cc81a1e1,a1e1cafffaab7170b2b5d654510d4b544b734c6c1124d325fdb6a09709632a46
wsc-db399570b90a8f853af0877e,nhieu-manh,lech-bam-sha256,f958825bc1e83301157e6f674df2a6d7fcb6431b27d3dc71993434f6b12548c5,edcf2d36c33212e80b88abfff853ca6534a00f7b5f7361bb8d8fcd9c00d66a2c
wsc-dd3714ace41938b744ebc0cd,nhieu-manh,lech-bam-sha256,2524a3cf0324ac91ae1ebffd50b8b620abfd1bdecb49c3ea99afafe772089189,c3ca83023a063aa6d32c9e695fc6536ee5181b0f4005a3ebd74a53f751198b93
wsc-dfc14e4889788f9139db7454,nhieu-manh,lech-bam-sha256,0ea8be6842e0f6c31bfa425d9c9cbf53435f8bbcb90085856ec9a1aec36af9b6,7aa637cceded7a98fc37a62df1429a52fe2bea02ecf3c1f992bb7faa72e847f7
wsc-e0138cd831766c178190b731,nhieu-manh,lech-bam-sha256,a62701c48015060d01295a4883b966ad7ed359bfeb61991386ed91312ecbf9df,f2b5ab776085bb1cff240b5eff0013e092736f89edd1f163a80d38cd3b8f2cf7
wsc-e151054c1fae2e470e72c555,nhieu-manh,lech-bam-sha256,d528e95f031e5c1cbe1770c6c48ce4b6a6e83ba466eacf94c58fda01b72c4fb9,d15a44d85788b7810bc9d2826a503c8e9f6e8270db6e5afe49a09110493cbbe2
wsc-e1833b154abdca909a95f861,nhieu-manh,lech-bam-sha256,96292a5a3ec9fd1bcef9c6ec0ab06af14ddf9f32d84884ce7ef402d5c9421513,6fa80a672b0dad5bd12ebff5a7e44f27d2561aedb900fd54cc918f4778e062ab
wsc-e297dfbd7aacd9a2a0655bb3,nhieu-manh,lech-bam-sha256,603c2c76285cbe64a6612884b3b5a90595dfc10712e6004c8f27f2fd5f63f757,34ff27b66245a00d69e451d46694a2df8f3b05ab4c450d45ab2cf33f1563848c
wsc-e346058a36bcea7a8af4bf3f,nhieu-manh,lech-bam-sha256,250df658021c8a634de1f20e50d656ecfff0c4fa47222affc7382b40458b7b41,e75d5a07003d36bf4e28e5451545307c73cca176f6d485c801db4785e1d40bbc
wsc-e3d09874a88fa3343bf97a34,nhieu-manh,lech-bam-sha256,6dd5bdd752e102789b0c11aaf2b4c2e1c19f495b102fbe20e2e4cef82e3b137a,5819ff533946ad28202f49300171553e57b323a939fc32a4eac20d4d39dd3b33
wsc-e47a9785d34d9cc99257909b,nhieu-manh,lech-bam-sha256,28d245bce13e55c2d5f74849b75412b59a18ab4eb4e76c4040ff749636d3a81c,53e5608b45dc669c41dd8c48566606b6ee39b64d124e34ef3b9b61a30da31fa3
wsc-e49f4e80655a7fcecf48ea70,nhieu-manh,lech-bam-sha256,3582e2c4445bc7dd8b7ad5415cda7f5a989b7b87356d26045d344caaa56ef6a2,363fb1f4c86a05756f74fa8b9ba4613a043d8791ba0c5e2dc533c05807b1192c
wsc-e55ea3b2d44563c8ace198d5,nhieu-manh,lech-bam-sha256,66b0da7d8f4b3a675a3c4cf3c0a670f978d7eccbf70831c641976cd37c5eeb89,e0455efd66acd261cacd7a5f601f6c7b5844982495bf4a4cf45acef9d3698bbb
wsc-e5fe0eb9570af0dabd30002c,nhieu-manh,lech-bam-sha256,05e64997b8a944970304d9a6c3c82c3d20e88816cbb899eabddc1078517103ab,bb09dad8b6bf8cd6c94cb0dd64e40e32bb26fc3ad205b7a75fa09d8dff9c56cf
wsc-e640f1cc1e6255147c30d453,nhieu-manh,lech-bam-sha256,69ec2ebd8912c702f24a2707764b3d78981494bb9b7099f8db67e41a1e6e903f,2ad06d27d8d7d25dbecb699bf37f22135649103ee9ded3100bd3f7084b509e58
wsc-e69f79d12e423dc6c63fe5e3,nhieu-manh,lech-bam-sha256,60c292249f093b4bc161c086a6e11e5a407ed34611483e4b44c965829de973f7,a7ca3d5d1af6b55dec9c858685fdd918bd67453b503533e9b4c720df4211038c
wsc-e70a9d9d9cd0f3ec6b13de4c,nhieu-manh,lech-bam-sha256,50928f829aadbf27d726a3a142ea5b75864d89cf3306f44222312062e261e71e,c324712b5fa203c1f97f1c0e8ba00ec5459b1771597a0260c7b0e638feff7b5e
wsc-e7574eba54d8d6aac11fe8cd,nhieu-manh,lech-bam-sha256,71021b7171d9e942ee5caa78ce68b3c436f240e3585fdcb2087632710986a24a,57ff8966f3cc99da90dcf7c4acc331562c5b92f95b20d3c6234e4918e8f70df4
wsc-e7c9953864b318aa411f3093,nhieu-manh,lech-bam-sha256,8232dc1ddf77abaa206fb79ea9355f04bcda218dbb4e36687480a4675199fbf0,ade843f5c10aaaadcb126a0aae8b1fb653d6a5087d1d97901cfb463aaf50c642
wsc-e94e601e208e77de3727b087,nhieu-manh,lech-bam-sha256,130f62d75d0c4916b754c40b8001d040cfd6674747ee2ea119092c1b834fcf0d,02b333a73abe4cf036e45e1a72847038956e897c59fb76309213492df87c8125
wsc-e999c95b2f827de86831dc08,nhieu-manh,lech-bam-sha256,d280656623a1b7b6a94fddace442dde097fc6f32c2b5043595bf2c59eb495bab,5666978cb6bfd611eb031be332d33770b74c397156ae495091831d518dcdb48f
wsc-e9b323093b10035c196b4a1e,nhieu-manh,lech-bam-sha256,f0e6b6adb3da261d0119ab00e50c0b76d5073d834a0640c1cd5a21b0a6524c37,a538f7a3dab033210cd10cee2dcca4ce177ae64e24c49db426a6fdd28692dbc2
wsc-eb785f3f137c2b729eea6ee6,nhieu-manh,lech-bam-sha256,a141cd0eae5f386b9be69c3cae4554972abf5cdffdc777cee9b7a00e851b3080,ecc833e5a9bc0114fe960ced45a6fc874800f93d5c71669e12d91697312e6208
wsc-eb7f9433ad175bba49c71f1a,nhieu-manh,lech-bam-sha256,f95fe8a35f0550dc6e0119e367b8b0092b546248cbe436e50488dfff4c390b90,39acf3a4af58526f649db66147fc7cdcc84fa703d55abb88561cecf9dc4f54ce
wsc-ec0ae55d30cd38c6a4863bd7,nhieu-manh,lech-bam-sha256,88d7752a9503bd7fb4404dc63ee83e97bb50c06b70251a96d038513277a9a7ad,96f9d500b7090155b613783265490e92cfef33187fd497509c4c16bfe6a895f5
wsc-ec39b96aabbce0fb40ffa4bc,nhieu-manh,lech-bam-sha256,aed2e44446351773232ea0086afd4457a0cfb7c55b87defc8a3298625e64e8c7,18ea24aa99b6036cdd40228d38156a46408e61cb049971bf475fc1abac150314
wsc-ed1822032c9d2130ba32376c,nhieu-manh,lech-bam-sha256,10a776d1cb3af21537030d40502d019d5bf44c7f254f21afe48d5bc8df755f57,228cb7c745a66c9f0db2652bf74277b32b12758c3296fd2177225f116bf567e1
wsc-ed233e0c4a1b644c207b58a5,nhieu-manh,lech-bam-sha256,5b6be3a932f4609d30b8a1d1be75cb8faca306e3dbbfb38ca49f15088b09dc39,0c5640cfecb37b31d765121fead6bf503c1afb52b5ddfe49a97a4fb55a424ed6
wsc-ed68732921223c2e64eb1304,nhieu-manh,lech-bam-sha256,f219965976ec394820c8971951f60f2044c87a3efd7c2730a33229fe59bfa310,60b2c65fe2409ea03aaaf1832d22aa236b4be504b1b26d4ef5a4f29cc424f8f4
wsc-edb642314890bccb9fbd61c9,nhieu-manh,lech-bam-sha256,e1214638ca1b91b3e9775e0b1a0233c04149957d6829c903bc3dae5bae60d28f,3c678f5e99619ef4e5421cbdbde92c93b86ed65eebde55a557e6a298aa79bc96
wsc-edf9817dd705508ae5986f4e,nhieu-manh,lech-bam-sha256,b20333d899ec37f282cbef1da2252013d39409eab2e8889098475fc382ddc708,4547e95aa03f51c25fee90f2de67fd9e5127d805b5bc65185a1eee64653c8277
wsc-ee7417459272df6b0beaba3c,nhieu-manh,lech-bam-sha256,540ea545567163891f6140ad2a5bb61dd0d93712b355f86ecf440b03714801f1,6b21ac5edab90b48b04728e7d3e84846fbe0d1446bb9e97826aa4a083e978547
wsc-eea9d787f58cff7b019cf4ac,nhieu-manh,lech-bam-sha256,1aa4b4d6bbda9d9d3e01afdd5c3d6e3c23a19b01442d1e99790526954e6144fa,74b2699cc47ff28816c828506d13f01361a41c01404c6d60627d67e7ab83f1cd
wsc-eed4d7d849c2fa03813a4c78,nhieu-manh,lech-bam-sha256,c480fc4da75d797dbc473efcf2e6464d65d64fe3482e4a4db04a930305cc3fa9,0a5e1a15d6f1469371e810c7de8a44148a724b946c01f1abbecb98901e7554c6
wsc-eee84fc769be032b59c91f88,nhieu-manh,lech-bam-sha256,491b0be3521cbc8141a3c32b68785c03f160e01df95932d06238105ae35a2b78,20484044fcc2bf84811807bcafbf8ea2fcddb4bf48fb9b44c45e382184732ab9
wsc-eefe38a9278f1a43fbe04e07,nhieu-manh,lech-bam-sha256,50491e101d711208f0207b2ffd77b2cedcc104716d4f24e90bc6d4bdc7d37b6e,92823fe7e4eb9e721ea2894d14e5890c46886de198bfe558ffe29fbb5d8a1b81
wsc-ef2a484ca7dce3af9666b643,nhieu-manh,lech-bam-sha256,8a0c6e487e7629d566317e783f3ed2a3ca7aaa47cf1aefd6abe0a074c91d209a,d2bc72116e193290b0536e6dc9f5d688e549ee02f2516b51822637ae39f598af
wsc-efaad6f86415572c03c67b9a,nhieu-manh,lech-bam-sha256,384ae7de37287522e8f587d34416d881f47b3a3e2b9595b1c1b663bb65b6385f,e5f9907f399260f02b9b2cc59728616d32ea6819ce08e918a71a0e9003a46848
wsc-f0301a7b95e757da242e62cc,nhieu-manh,lech-bam-sha256,927fff071fe9ef506a1db78954615ba4447d8b18350bed3e5f5efd6947b77ffc,545104b00707e651f9136d165dbc2b3e6ebcc2252c241605ed6a268311fa93e8
wsc-f03cc5ffa6b46fb4b5e3572c,nhieu-manh,lech-bam-sha256,aef7dc0af205aef64876312234f85f8cf315212592719c2a2007113fab219f7f,2ff74a0e11f83ce2d78af60f71224fb6787ea89a6235101ad914fa2b3058993b
wsc-f1500d9f841de301382fef0a,nhieu-manh,lech-bam-sha256,df9c581bd93e7887f897c16689a4800c4b497d98c6a13fb7b4399fce78112891,29cc07ceb9ce044922f7bbb15de8e8f341b2774144c14091d743fdc54d46cb3c
wsc-f165c842e6ea20b0ebdb4ab5,nhieu-manh,lech-bam-sha256,33b53624c3fbd813e5ba09b929e0fdf6d4a6dcd8241841ab0ec099469cb95421,cbae9f66bbd51eded19c6d1c5c8fe83f682a7025ebf54a6625be0f7d40ab02a3
wsc-f3f710aba8cf2bba652dcdd2,nhieu-manh,lech-bam-sha256,afe735aa9344dd9b031a43acbde47a272db195bbacc3352dd33ad30bb1ed6c45,3283a2b50d2e4886007b52ec14ae7edb8ba9cdda36df863a87796159e91da7f5
wsc-f42456150599cfd058554c3e,nhieu-manh,lech-bam-sha256,391a9a7f1fdd649e16f3687761d58f8d9104da40cf2a3cf1f257025b11973da8,a3f3ca16a47995aedf01caebfbb6762c1bb10b56148a8d145be8997226498f14
wsc-f4560f43f2f522ffe7ca9aea,nhieu-manh,lech-bam-sha256,e47961d8215a35c02b8a718400bbac970a00dd80fbb3cd44ea42bb8f44c225b4,68fbfb4ffbde1f2b352be62a04b71a4416c1ef6930bd1c7fe69ff9ee6a2df032
wsc-f50f5a0150d8d0e79143ad48,nhieu-manh,lech-bam-sha256,6d496bc3416ccd17aca680bda58bca3a4f32146fb3df9e4b851e1c74cd12156d,bac7bd7ec25a84b330171239c2accb847ad39bd1510ca5094caa895ad7bd4208
wsc-f5d26558502f914517c0be8c,nhieu-manh,lech-bam-sha256,fdba146bc788540aad2eaaac478bfcca462b18a493b32a7e3bff0de4b8a0c721,813939279412a87f9cf7ecf85c1be7c154c0216b6d4b47f35ab24f803f98fedd
wsc-f6a1aa5acceaba157c23a459,nhieu-manh,lech-bam-sha256,287eed1719b5a01ac3320f61ad7d999196ea7a3f09e19c365eaf6f5dfdbbc856,7b59ebabf3d162be1c3a15440b394a1ed6e3444c8527fc747a62d3f6f7b4daf0
wsc-f78359f9fd1d8169981942d4,nhieu-manh,lech-bam-sha256,16ccb7e9f23109d975377ee914d50557de6c06b58e81902445c41cb4ab107021,f3627940d907601d3b2d26e83575e9444b7c8ec74553f27cec321e334d89d999
wsc-f796eee58f407ed5332b6d2d,nhieu-manh,lech-bam-sha256,ec10bbdd0e38c9b61af67152a4e9f5957f1d0df7269fa2d9d2cb8a9242ab7fde,0f4a4813eeaa1437a7cc7776fa134598c8078ccc814aba91011383d8ad1d71db
wsc-f8fafb2ac813c0c8dad2aae3,nhieu-manh,lech-bam-sha256,1d62bfec40ad8fac862a7b023533e632017329028b2cb3fd83aa09b58673c410,c93e198fdfa29afb626e816bb9a2873ca3e3ac5327ea714dc854ce185d5caa13
wsc-fa75c3428af75175f9f4d5aa,1-manh-lech,lech-bam-sha256,531b9feeb0b31831f564b570e7a34f3802c0cb296a39964bba773ec6446bbd86,f38efc4a7fe807f7c72ca2a1f4e16f2bf0d2040e8aabc795393816cebf3322ef
wsc-fb277aa9484017b30147f7bd,nhieu-manh,lech-bam-sha256,e4363ceb774c73bcb54e9cb7a8332f85a9bd3735dac4cab32d77be34533fda7c,0391712549cb1d60837ac0d45ee3c234ea3ff233aa5dcb53a5fd2d3dc2592125
wsc-fb3c0c9d41407d55a8dbb2fe,nhieu-manh,lech-bam-sha256,d64660b793153f82bdd58435b55b93d4f353572b38101b0538a072630cacff18,af4f9a2edcfbe60bbf45862fd8a675739e9f3c96e274329689aef304b8579c87
wsc-fb69867468c0def75120661d,nhieu-manh,lech-bam-sha256,e6c8aca63dc4fce17d744656c31c9136d0a3c5f944300cff6d621c9f1517fd0d,ae012d0030cc3acdbf6a82b24dde00f538931d5a1a8c74e056d2a0c989154d5c
wsc-fc43a654334a07af70edeed7,nhieu-manh,lech-bam-sha256,0b0302a9e7d497ae642b31e71b7ff8c91b45afd541281555765336e1ad17fd5d,62be9029d86e9ca0344ac8e1d1e4d038a34c0637d2b337a9cf399e14393d40c3
wsc-fd6bc115996a8ed43f3522ed,nhieu-manh,lech-bam-sha256,f307782107d81c08a2e998131ecaef0546819539efcb0280f146d652a54de6bd,fe621dc8c2fb352d87820884a18bf365f1ec5dd31ef0c02e01fe47fa5e82be4f
wsc-fe4b3598210150f6b3c2316b,nhieu-manh,lech-bam-sha256,699a4a271d18ed88c2458d1050446349224c0cc991974c6c00692cecd25d1443,7abcc70f375b44a647ec2b7bd14697e8c389b72b82e197b10693ccf7c526d859
wsc-fee0e656f0679fe3e4772ec3,nhieu-manh,lech-bam-sha256,16c2a30f9be75268f6de107583ac3c3dca9debaffa8092557786f874ba48c6d7,45720304a04c7e49f48a041c8efc35af7a4a6132b89c37ae4ef31539a88928b9
wsc-ff15094d75da944537b74c37,nhieu-manh,lech-bam-sha256,dc3ddada6ca5c0adbdbd77c6d4bccba4c086add4b94188aabbe1cede6e1c0da9,422dea3a780e03728c2aa87f96efde3a3e50e50e8fcfb7a1736872bd31deb9ae
wsc-ffa5990a715ba460983eb681,1-manh-lech,lech-bam-sha256,cb2099ff2ff81700a795e0fae1e1a5b226ae1eae432835c09a3635d07c979d1e,1eccdadff5088b8c3aa473928e34110e41b5205ebbb004e86f228327d7d0e7fb
